7883637140
448346559
6352861446
1380833537
7049720182
305270722
710454368
7927566336
5555157982
7044609414
7024025759
7459527618
6375473635
1290288290
8474626573
8184623882
5474321784
1372070711
6553176729
6941516089
1451755306
7706116683
999462894
6887627133
8627134936
6801819780
462103463
1378516229
1096695316
7966521471
6445725524
8421222703
8694716376
872376527
1029980637
8467464993
1433796521
1030314624
2013532106
8349033094
7653289190
6797005120
1255046383
5738686813
1103482486
7034829957
7384756176
7160924260
1254654691
1606617744
7188340102
6688557696
7608533864
5090576577
544145218
1911102595
8259465395
1799892993
719619866
978302901
8139560264
8770151610
7277892788
5659027887
8133728262
1091960264
6432824835
2053422886
8267090216
769835098
5745584742
749918576
8512121681
7586278615
299106323
6489653155
7364935891
5698408457
8265626663
526346261
1086428457
8337095764
1183829586
1393545119
6745566261
925923755
2091974425
952048026
1293077769
474355710
2066127280
899783372
7607378394
1769994358
7897548074
5281720203
5510935163
1211625522
5412612749
6810854956
6332895991
7082634931
1324794407
5002607885
603066706
8446235306
892494695
6584715176
629889035
1265662643
5004320517
1127574902
7167892983
8427387756
6429072535
5058315679
1997798702
7578693048
6888766805
1924862462
5841864856
1017469713
1650052357
8544024488
1900273352
1794946867
1097541091
6520040873
5216231120
6631727081
5484996556
6776613560
7187096809
341761918
5730656024
5458163436
2091114886
6501454965
2018329510
951901533
1998424558
5175162243
6068512315
806388717
7598360449
8213407951
8576191276
5051200416
7333183601
8773028200
8488016084
1243131010
5044781093
6148184907
6369659141
526427613
5786618554
5000574418
506276010
1321015540
7956180267
7951285887
5826189898
7174305276
434421371
705337270
2064659782
426229469
7709803418
6081379524
5900790514
1838328251
1168845438
6539049499
1040933137
5330276166
5821197984
7976140431
6932813237
875658567
1985114970
5584011027
1164422459
6508174136
5842163927
798278255
1089940158
5931115520
8628053736
6382009830
5483340868
96020959
6102601383
388252212
6715991432
5714562027
5924274066
917726123
7093455566
2088214942
8553451943
5686078606
6488502126
7936211295
854076807
8490039032
407332068
407060098
1824716358
1836158714
6451147656
7613649264
6040596626
699591283
8317058571
6683549776
564349342
6483629912
8581642286
2022416251
5371224268
60395760
728168958
1461556443
1971692591
891226893
8046936135
5011574909
6081508618
1677761094
8425853646
7546132681
6536914057
5340457985
461064971
8268009538
1923648015
5384691400
7047948825
7135687519
1027693017
8223720818
5556140212
837615497
2053282318
5833302507
824198044
6831725175
1076075461
2121569639
1245373252
6536478716
1660567036
8576794080
1700608333
931279727
6225119558
436091509
8520964169
1418328775
6530398819
7599259294
7678105739
5026113827
106581279
6703406732
383035609
5649362819
484696786
7468374787
1348124608
1669328413
8555169684
8350399698
894546960
757708922
887338725
36584599
5902045397
243270541
1347500491
1998619352
5261900364
7873414357
2074650721
8306839782
1346348157
6798570852
7824830754
596012928
6298007808
7084996253
5258712781
8266883022
307860850
1698206551
5487597355
573182797
1006575199
873822551
1070060472
1546279126
8548107113
431180217
8153767087
5657032227
813685721
1007276270
522872184
7551075611
512362693
8182184041
8110043313
5786369278
915476825
5286230683
5151845865
2018499232
7761097146
5929101272
5791116224
6970606518
1639912357
1159258501
7603742721
740662272
7518360386
1764476982
1295360396
6018126408
7434802550
1906690184
1266638123
139068916
5425054368
7752748434
5528878694
186124514
7453899013
8055742028
900271839
5129116741
7441166856
6597553243
869352566
508064637
5083041845
5516760730
7909254255
1834999617
5877633115
7143191030
5602779427
7660507052
6831457492
5940427150
5629816802
1939999262
992061520
8220852004
7815808679
1844483918
6117814910
1177928108
5090090297
5370363472
180291338
1415046169
8587726884
1316511630
7576247579
5405844584
5693150535
1279179490
8664630541
7489452432
5407031493
6065936400
6428464699
7073743929
7788435198
5056574898
7682698896
6089408288
8476976897
7191133785
1125542056
7071666721
608086979
8141137512
7622817029
1862901624
5065127140
6523194767
131793470
1069644075
1357342962
1507094992
142460857
7642100053
8753713016
5836423598
6802777276
5927008418
7086283157
7452679329
833150304
8436602813
6013065351
7601240059
5218296505
7574908828
6544019409
6090141849
5027935327
6801210928
6066134982
5824707606
6859340656
7178370517
5155393797
5507323743
8516321648
154935428
6418342055
6643451779
237623109
7365124941
330906967
7524027650
927459225
8300837926
7435187116
6993658544
6537680243
7736266013
955432237
5139402583
357065958
7668010127
8459873587
8030710129
6913655146
5217102195
8158881218
597916671
1054413650
8241861058
1350628545
7854180740
7456957534
8342632201
6549187475
8417987617
5794413874
1797817078
8232899365
5874062941
650085142
1708665351
74589544
6872429321
6875553799
6316121811
1902017251
1084373353
5253190755
5218527068
1388291055
114919207
8113713275
8349567061
914332455
8612993019
64103095
8172043104
7291228653
6068883520
215950938
6642183907
7161435899
1374765398
1870499594
6754434079
8334769661
7786910913
5763271038
381076058
1375143915
1717500485
762354260
8565712493
5711841467
7596175033
1816538203
6269755942
88411738
517287678
7502414466
640071844
262115839
1331209508
6656527159
563481761
5447424611
5251836318
801328501
5085681300
5270692506
8031985039
6825843840
8149368985
8545958850
8189797945
5807911805
5590646339
6385997675
5285081348
1788432790
442225346
6847544890
6705394414
171380759
148774572
5253292066
6166470314
876714506
1002801850
1545045718
5083295566
8121642812
5188810723
2123580704
140518879
7755253974
1533705017
597729004
6632330347
8346638707
1554101454
86339978
8505996645
347131183
8509843489
1525616374
302886415
7016659895
2019744399
7485298618
5058828479
701023973
96162063
6088023359
217411298
7065956783
6901916853
5253085673
7537475832
842820897
7306900527
45927686
6237431836
7580694288
119950934
5934611128
449189950
751234144
5957005431
6975270001
981803617
359266986
198941175
1080063568
7740319450
8213604575
5137924873
2056733825
934088323
592515763
924250684
6596149188
5111854585
7887916977
7570383422
394215049
976720706
1266608056
956484767
5378146180
6686144126
6741121377
1730189697
5658915500
1312304887
6123491835
1007344961
1856700866
7960604839
8562508692
90717913
5268369200
1959142111
5367932144
8205224632
7749229037
8026434693
7350263294
413645183
966873762
87238498
231494218
8374708501
1805308571
981616756
6143310658
507481534
7320091399
5211118580
1473123086
1009698126
5952761223
7857701894
1850680572
7411379912
7777442804
1336499966
388180636
172383686
7251778933
68987781
6103261576
5292120891
5639681526
5007913349
935707776
6226716352
1192282591
7257999449
6766004138
5029394872
8369407739
7573956042
5962018740
2251851
289705476
5417008764
7590697770
5156817909
1739494385
1386237982
5280661251
7529216700
5797158536
317115042
7968052382
5783463114
1901908055
5684044714
881752910
834730183
8472709094
6865449479
6201140301
6192508812
8326469542
830797806
1220675400
1916056871
8628543079
6272001371
79553654
302355168
1988932272
7872319404
48438966
8260979084
939589909
5733333082
405037994
105303510
6590911844
5588025034
6432526696
7468403750
1290037004
1720834763
1820339511
8568568189
8455216568
7266185579
8201078432
7856448846
7545982427
6050318591
8575440500
7301544209
943885612
7306098175
7674681088
680849148
208559941
468723827
5020109725
7915310737
6405361796
372574180
8230367873
6371862644
663817050
6345141929
1914435306
6700089430
6053143618
808118190
6782265510
5587896656
7810491011
1218777384
6109663483
6155659339
7880187404
327316085
6471370544
307278111
6781270628
38411246
7577254196
1781213299
7129392233
1555987624
8508717033
985388518
136730370
6515112128
827467174
219198718
1147324657
5466100782
1432643231
1036419322
331204641
7996307041
114987149
5989523235
2125470393
1148748960
230410681
6629500162
7030667848
1467812279
76049734
955636129
6699558040
969569034
7357775271
1706142510
855708597
7648114299
1913692707
595480774
8633299270
5184706023
6500290757
7706464803
433835573
7774674131
115242257
5030676126
180887543
229815725
1789056863
827520854
1416115444
1282703642
602814478
8277390671
5208423955
478188825
429240099
157065364
7118751863
5159583468
6589019764
5958466281
509461660
7300160997
6507966505
6426006339
313742969
7326858533
5585836328
5104502864
7172137114
7542671197
6307685493
280811399
854153137
7218036181
6492422161
7887766828
5653293667
8551803913
7135214896
7836125999
6579771876
833357722
8375838815
1756501750
8586812296
5045596265
8086981272
1002510918
990953137
6024743077
431150666
869935436
1847322852
8392397201
902844996
634252701
7248498341
633335822
8546105673
8520170342
5636645763
6193924791
638099040
8151292496
8394381483
5618036690
8595426814
2028589686
322573469
8398818317
5959105003
8236608739
7538509526
5998868513
1918163977
6247303317
8500063117
140161600
6522597856
7605042814
8705577032
1492385150
1485449526
7910851958
7013448108
8133659996
8027502144
8233357241
7405656783
8599753454
5952156532
1974688284
8002331645
1423951119
5400930246
577589175
7496801852
8514207656
608829274
7386443105
8262534535
6910890964
5251389223
1606997786
402382377
7524703265
2121971894
8436877369
6807470036
1387142393
7864972577
1993981846
8528187224
1872510426
302998772
885725087
510968906
6508964570
1112309688
7839063943
5616680091
5136964059
6037365565
1158535534
7313631535
1439544837
7949502596
6686434918
8360026144
6317748989
6852011682
802694007
7614775691
1632264138
8283625474
6334073703
7869910437
6661915287
1049620648
7395964680
8362591543
8090278610
1030283666
5251759300
7850820002
707104975
8587235113
7419744101
8334561422
8318648370
8145046138
8360385111
5136130848
5488969491
5008915504
6193219232
8131543362
8012596323
1540795136
7000664793
8328744377
8243116787
946622664
6498613325
1473726091
6834391026
8303574407
8066169955
5783059420
313127951
6998133494
6586473393
8540988384
8432475745
588956477
6038475169
1252229692
7686034019
8376461509
1526481712
8135728898
6121605562
8561366998
7912645348
1810062255
8540589247
6107761766
7993871065
6685566476
5678763797
1791554075
8272849733
8467964976
1041483095
8172475029
1007438034
706540004
745723573
182512091
6839395536
5771954784
1047929599
8379645195
7739476697
6113454617
7100588756
7672269520
8245167365
5617626929
7183302341
6331845722
8285987024
6502757315
5565520174
5749368688
1815678919
5791299272
1606296204
1423009627
5581313384
947269219
8578609839
8071629938
7389284917
7596797682
1301873508
5396516221
7320728424
6290442279
1638136143
7038836832
825112841
1922348932
8247302680
7571764295
1173667572
7851353250
8183888486
8114764549
7447907477
7696178542
6677206935
7340809883
7037577295
6429625997
6889618675
7676605103
8318048483
8501101624
95005384
6784423856
5515458746
1264878702
6457156299
7318713128
6751495390
7993541035
423560687
7779439047
8505929447
8245012819
6081017998
7900801526
7808001340
970676337
1141809906
7840689462
7230692165
8441944842
1772867807
7091145688
5238386209
8233030204
5069111552
7503476999
6432994992
6855808961
6304467942
6575285041
6113254873
1401374742
5252814594
566819733
7267009642
208520427
5516931983
7187251529
7941970240
121604614
5425537064
7510340755
5541973709
89639547
121557310
8310426168
6453718044
1070345919
7203335638
6772126322
397243914
5777519666
113778259
8528697756
7303627005
7479558343
6847926562
854968146
6000381631
7596868100
261010139
5481892277
738425567
6042299794
5759379170
7844233579
633148122
2130169729
7371600481
7074951273
1808226235
196022950
5967461041
995670822
136094018
534006949
7064623459
6749935500
674699792
450425607
7227983301
262652216
8149970162
7339671151
7873537074
1925064479
8005918408
7021095227
6456160073
537769586
157426113
6117344806
679650194
6910258337
246081559
722769353
448201725
8077202715
7176973275
5307930149
1730418797
1964694966
6008310916
7129085763
1470940341
7398318206
232043121
6112643382
8320308140
1709363055
7406415356
6221825479
5815529537
7493811852
6331004073
8572401661
6017127804
5591290947
8591213272
814989890
906871928
7227712700
7161082566
1433207899
7785239100
82936711
6791745308
6511875494
5470393786
7285914127
1838156999
150743541
7448640331
435029892
1965948722
7257638141
6005458318
1946978451
8293145721
5746257060
719586358
5948882541
7517402130
7906358788
6623072331
7919698539
7254048683
7270726198
6734972889
5293540789
5660399958
5924147369
321608640
199047883
6148514470
926017997
6772537820
8304918328
6274122734
1371577534
693462812
7309784194
6998747367
7668236118
6595114805
574530221
5658451345
5991029244
6451082703
7122182017
7258960236
119807123
6350975769
5935103310
5484062057
1018145288
100583373
280565638
5664763204
5267489470
1621096412
1719427955
6757634619
1168296418
7151583533
7187629676
7130613031
7202214095
8463130907
8101176702
6894331532
7871910185
7274249309
5392699017
663872953
410942426
6825650201
5455475346
8390064032
1352227639
6539565202
6021568201
466760086
5504774893
7987345362
1155489536
7993686980
7139391142
8588200692
605827153
1820650633
2122428680
112219733
7811847710
203970861
1508443097
643300298
1978568239
5088184831
5502836203
6179694713
6332085954
6792943420
6087179793
7894201708
7108281103
8508910439
6544089123
182500758
370986999
8497978249
7069898064
7207818217
697466793
1280927281
8102583288
2067755535
5263931800
6439058352
7069241402
560988493
7801695441
7398579051
5279741333
6701589358
5916529307
871263583
177466103
1268687925
5286112350
2098181725
1969030692
7336568861
7215499121
6671475287
7621616192
1482269505
7200128431
5051333037
6443845674
6697113336
2112919274
8002611413
8248010291
8244804427
6067448008
5675940128
5309331311
6370505341
131780565
628196745
8450920109
8094225157
6587935126
5724330331
6197175748
80779129
106051319
62995836
7787402993
5998747014
7933069593
5177857722
1884354207
6939881398
8597614316
209579118
177066397
7119615462
6156812261
6562815591
5124911444
6533497810
6710908606
1056870992
448156860
7734117813
546366079
1576867641
1327330908
5496114069
7749140105
5882244807
5022281446
6271425167
5235673695
7990487342
6535154481
5047311388
8216865923
105952651
1051641578
7483444909
6681436101
474043393
6140843188
5091173803
6992180805
6641143478
7417103449
6424818468
1647513377
8166229939
105256995
7745275702
184419902
556103487
1592192829
8479285835
796928602
5768980140
1269956147
7009745017
6153676042
7801028063
7777762065
937310463
6805331892
663182896
103317079
6469256153
6447910929
7139292040
6957249696
8418640303
6573531661
248857063
6753924289
871411754
7182439340
1119294048
6019683136
7150060934
7331022404
1220821832
125789002
6935841241
7162354645
8217360967
7969311380
5524142496
8424419092
5196129745
2057718791
7434963036
6421123334
8491757900
6592556295
1509994882
7085806312
6497200602
6602145363
100298377
6373005626
6462306233
407733999
5283413435
5938458427
7254419062
6386764643
574689192
1940497128
1104699784
491669222
133292217
7420839035
7658231315
7089429456
422603350
623652688
1824536688
6252435514
476046168
7167372592
6786821247
7959869442
6135525124
46076529
6040983984
220716567
5915599614
8129675778
7701436303
7764877843
7509351288
7331683386
6507501490
67465760
7263298829
7067428453
1177229773
8481002423
6317674775
1602314248
2088575636
5678672787
1699769988
593357023
5079180235
5930261903
8113783896
463636862
5547775287
5915924648
1003528778
8111753758
5215766311
1902435394
6507964601
6284017802
7316497834
8133008339
1842674815
7747665990
8343207366
8001470100
8080747900
7173850405
6763752543
8479785766
8463536688
155265813
7014346059
8593394850
7317676795
7353361488
94162836
6812364657
878781964
6235536964
7115710151
6185350072
5007969426
6725350256
7951072011
375191193
8452688999
7824562267
1079465039
8399025843
6988822562
7166747506
409951927
6816989660
613872746
8504640687
7442605047
110270652
137854833
1082948861
6468873423
1765633079
6455052211
6574195119
7514989418
7536558631
7485248817
7843515693
6968677690
989211689
6261546318
7189162517
7534532299
6732400478
7991764977
574298334
1938748264
6159198348
5078389083
6434005220
5845848368
1052464500
5727061752
6828340211
8262516965
8216127659
6763399272
795309920
1302718831
5209335666
6953805376
1586974913
6621966681
7332692827
5224543203
7785835038
2083689476
773134620
5533451824
7495749429
822345290
6678306360
1725612642
6497109977
8489514887
5159588669
7067032684
6219648654
8166970791
6400725329
7006611089
1320086506
6849522328
663574983
55313244
556724225
6101136987
6001793237
7547817998
6548600030
6451879536
6559978253
6574104847
7601587226
7028753917
8292928161
6424535454
885404934
8555875577
1264191473
7800113231
7812198828
8442316551
5300843455
6303082538
5257887631
6334923354
8032536524
97180018
8125634700
892137630
6419506625
5272086879
7893567701
7724966028
8457782013
1475613526
5245349838
8219794488
8507006730
7813516785
8492309504
5418760415
7430962080
8107980248
2075894866
6738627060
5175791118
407572658
6510061240
7312990915
7111863472
7905574028
1609425478
7551612570
7553387144
7297422819
8115193872
6221370778
8561044051
7775760242
6778476082
6343032323
7184693423
8249417055
1458729156
6768013512
7793254885
8380074447
5582747687
6438832253
5651771555
5651116614
8569101482
5233420204
6901767191
6351901538
7152609701
1644565455
7314968066
5288160527
7518767593
7175575572
5647747156
440640991
6841502710
8514537939
6294677313
7071721327
7083044584
8337880704
8059973512
7742946405
6387594135
8040179892
8188030183
6604344778
6795286711
7579137607
8375180345
8311612599
6107518183
5876512151
8073285854
7780850352
8473056502
5032458790
6187635523
6449568640
8253140708
6227494428
7876843177
5316812085
1506999751
6270990290
6520062694
7832796465
174703439
8252869125
5969551463
1726910538
1209048093
7942976010
6188179292
8144794300
5783661664
5955604679
7869830741
5962741856
1567041874
875162864
5964317026
587242
6730628088
7438277115
7217229637
1460089716
6069398329
5851687715
1052402210
172788464
7034705475
246208107
78098338
8374746309
967362337
7940128802
253070601
64777457
5264571077
8574688686
662822576
5983165912
5391050608
229062384
2141994373
894332265
6723172891
5083406375
1442536155
7329700075
7728004003
6501728729
507823684
707098147
5746422098
7182755081
2119254219
6269523124
8281304106
185289502
8403782635
456293115
5842484351
8028718388
6352142876
7162150163
8218713731
1789429793
68032617
36309316
6937682317
8209791909
7456855129
7754155681
7039116492
6895890544
8230331215
2001435888
8353361209
8356962742
8272796046
7694021365
6070955370
5611740396
5660926761
509478983
6024150588
5518715920
2131900784
7543721225
5662887552
7558878593
5766005188
2124522294
123447075
5018898716
833149415
6436164076
6863405502
7888969081
1275774509
8213886028
6984613818
6676679040
6661235079
7773433319
713214523
6420339480
5690279013
1772541273
5691870702
96896838
8136345168
5941593599
8155329791
6661961692
6517108798
1758536036
98110997
5745555466
7516278837
1045301536
1628218738
6732594446
5711017317
7439761481
6652041554
7202458407
7846330058
7596578776
903453276
6589737665
5800533774
5859608184
7189700310
7318069172
5930470679
137100600
8098448991
8436754586
6408388088
6748678167
7058315838
1404034355
1693511598
8451555148
6610562267
7809585805
5893284705
5674065976
876658318
7896442753
529106779
5547974537
7932233544
5261318515
8454561481
5042746226
6559800073
7936015537
103823091
930221814
1379780256
579028292
7175359552
6457843262
6538848281
5575604158
6236703317
620840992
8566531006
7496097397
1885398701
5713380163
7809487980
1873573260
155418022
7663056617
7073726768
7805456054
1240053779
8354535593
6899186295
7349651425
8590855873
7254180626
1407138363
1304504926
8317849297
8360117124
5876080205
7740348133
8575366255
6532620772
701125207
5049541043
7937100584
1615656614
8515791292
8230149976
1092304687
5116075486
5378637214
7124678919
5412375323
1122746985
6399887095
6999633248
112165854
5959135878
7874530119
7736324346
5052995467
7299657125
8470600090
102259933
107364581
5257107443
5066817551
5618011968
1441997035
6684878984
5015299892
1832676754
8584698031
7717485295
8445029425
559006419
107314472
7281636106
8430494578
8324129321
6620963496
400882036
7748579666
5195014046
6881652835
6594392556
1349910381
7888964877
7209960063
8011997655
927757269
6538828129
1545973724
349458029
5025344987
8333646162
7505246999
8158350828
7730736102
5347140095
6654407160
528417931
8403360454
5324179281
32614513
8163809446
7989150799
7143878557
5619403680
8381439155
6749161250
7422878298
2057673468
7932516332
704954976
8427632569
989234031
5527855191
8069207920
8321248136
1218600567
1020295960
8049811693
8211710521
960959138
7765302917
6172800650
1845304130
7008847113
1824747689
6660503320
7330176477
7191672267
5647757435
8021724975
1491525703
5162399741
771544128
1631154116
8482591538
8161275553
8421652193
6974907709
1524559550
944918496
5607101824
8475524265
7771013088
6202885430
5311241314
5525820276
6479199243
5194291222
8347338409
1696223721
6889017842
8194712413
159915214
8543139523
1375988944
8252346345
8368365269
6398661832
185757717
7547685702
5986070841
8482731979
8057786082
8239988722
7963739892
508483802
7848966442
1059038413
8482076331
8017112783
1702264531
8355761434
6928865902
7532669389
5919243071
8226712911
1103055616
1303095432
7421268893
1827209120
5621034116
7851996006
8289405253
5069175943
5108284890
7660163568
8465106650
8598898977
8245938171
8298947635
7378586184
7975054868
8382812707
6180413770
8384962444
1899004858
7742826489
6637755183
7889278162
7427179442
8245089265
6277438136
6131189740
7012849878
5081840220
5510584751
6781358587
8410252350
8160789633
8459999123
460060418
2070092974
1872524674
8384519560
8411585028
7994213268
8405579315
8123628196
7874710427
1890320923
141481945
8352035047
5506250198
8391762861
5459809717
8303351674
5470040244
7285528751
7613690401
7308000999
6854462661
7366801050
8592284919
7175664491
7923307107
1723006740
5085799070
8221193104
5928847642
7647545405
8519193323
5797757349
6825524595
6037422515
459163954
1254387274
8224155234
8562539954
8234867199
7983625982
6322020384
8276412165
8473562852
8458065792
7513012703
8379389149
1146339645
7388312921
6464336114
1701580234
5729688853
8257091275
6863067724
6019787077
6247443763
8048872949
5310405723
7099093175
1890716108
8333362263
6236744214
6739925055
6867538430
7545307707
6374411856
8302139132
8478161839
8344550947
6439468982
7809521649
8340643246
5934055439
6748153096
6118482989
7941496639
8079691909
7536451486
8401021784
7316743825
6470059896
949580866
6451728294
5907856192
8407374296
8231619248
7781380032
925542610
2110346002
6062470397
8053224595
7894471198
7455703415
8295385823
7693844207
5496903082
8276047114
1911925835
1934952804
1304332517
8401957150
7880988786
8097751481
5996541569
5670782797
6144592616
1089889871
8160078514
7789276611
7663188039
5666255109
8303333347
7952577317
6180463661
6547424308
7557239297
7878386610
5270905458
7365548044
8033227456
5144213477
400227632
6276717663
6432926724
6541774051
8482868620
7508148216
7672141134
7304840369
626594849
8418179399
8570389742
8372678143
7961542219
5814776218
7977562370
1199332723
6826801829
5809685085
7755268869
2024370305
1720237809
7858333052
542042296
5582921088
6524448112
5892290673
5750745770
5715770627
7315731619
1046480350
5160012043
1558541140
8302651381
8321358834
605252979
8541629756
1028777488
6857755570
8465077403
5163247848
7918225229
1612430329
7741211378
7898216508
6242951917
6894183162
7989844172
1150606263
7846954915
8581159728
2078903582
1200730637
8398717095
7942153033
7389013476
1497341238
880058578
8263592826
6654104605
6663546627
8588672203
8098150628
1026215110
7393771400
5917957682
7813589636
8251888082
5609585287
107079603
6463924868
8091460186
1783765470
8070853091
6506087062
8514061665
7202414701
7886571800
8449702390
8216627189
7122660676
7767895050
6852352758
8284480652
7302756578
8450030272
8599126092
5971136930
8093718743
6515309725
7688633232
5834088680
842188529
7514686466
5736627286
5442915563
5225599470
6734719795
1508946837
7357443130
6031403794
7916054398
7651992271
8316264307
5634380537
8057061408
7817002826
8478476923
8386673152
6829760415
8169285686
8061334861
1938650945
1543581913
8010052149
8255922820
7403231459
6783733264
7389571694
7321269064
8300943921
8511822771
8046847658
1185085318
1000384780
8530122526
6768247091
6125378537
864063156
7991192435
7927104887
1430868903
6525384236
347121017
8116760602
6201931501
7296589513
1723667197
111510871
388895574
1305476089
6487850259
6649912386
6989088731
7592863321
6538056367
6443314797
5232169581
7819314874
6483273993
73573590
14079657
7294438659
94622862
6170940474
1253215394
6542800361
185159634
7761804992
7165212351
6626886193
7616955186
1470448350
687524149
841325067
7452281328
7582961413
8396281527
6124936746
7631049119
5030250856
7710479740
8007927845
6069392695
7600619086
408708617
1808852613
6730187548
5459284823
7835303743
8361276263
1227560508
883431169
5662732963
1763256886
7874761141
788186216
8559485899
1444205331
7332441612
1263407928
6144372852
7209686352
164536886
8345883083
1671066972
1332035785
942819494
8392221567
8256706338
8250202184
189901438
8022506196
6562125335
2016064949
1394191060
6503465891
7390126468
7234942799
8288509208
7540909845
8551934511
942624435
1220540968
83805861
7926955141
8136410745
5062701076
361195679
6303745644
7403559568
6961940222
7168418257
7044878403
2129506176
8217792691
1955403164
8443570044
7055171788
7511053156
459776006
8457340842
123558295
6091174989
6009495854
999990890
7284502240
7621912999
606023089
338336774
1153885639
77026163
6701742821
5900296521
6619864210
1025923363
7717727315
6315680147
7508131228
7042286908
738806122
5017797798
349735186
8482744071
1919631217
8454800038
1912890765
7029592186
5820437566
7076611183
8449123402
7606427489
6863912981
8137676018
8470970665
5677600261
8259913446
1412242597
6842752859
7898559286
5904214193
8521742891
5884911127
6562069325
8543564437
5369005943
8201122695
5899591298
7897412449
7716588284
5103408331
1996629721
6940195806
6184433990
5051688174
8195747307
6012149423
599219081
5439094309
8113491264
7136564028
1158493972
240904969
5160708312
1414446151
1433539793
269654
5812877666
7223133255
6372606467
36015904
7684671219
7471993276
7766273500
8479532721
1945119286
6614772100
1827712900
7773598721
5787168531
6185863646
857263472
5797102897
5204871291
8182634662
7703821266
7616578201
6390919257
7778781717
6834629114
8024005194
6189967479
1846018317
8382952917
6140046052
7807644293
6684158585
7305186466
1683738064
6459992426
1058587234
1800534890
7817038800
8009098345
7916756952
7082897002
8587159881
2086907453
8253434202
874594393
8248561298
7659784795
8498108407
2057274075
1380587620
8111906079
154809386
7852083912
5513635697
5229954419
1009326750
7051505720
8035493834
7897610964
7142017953
7164916575
6661583445
740494324
8353643857
8051138552
8499086367
8320492590
6562367155
1029514927
6305011423
476804024
7325250453
7905145887
5411259210
6075457506
8074114707
6608742241
745949340
1397982377
7176628256
7135759061
1686173010
8283556108
6147009348
6720717476
6509763996
6859113944
6954886647
5297734129
8460248657
2132113574
1164812603
8281320271
5515616726
1197647518
7645094016
659021338
6618234423
1109225207
7221062702
5799851800
1251719169
8536792004
8341272074
7927468752
8213669090
6565387827
7798729331
1095838153
7510050380
8402940225
1793745214
8433965415
5143961374
7680367195
870518480
8566305789
8547368165
8009127341
8363917806
7793756492
1293029489
8328145233
1436967015
7830328150
5974131846
7897570945
6528674757
6321983964
1931840865
8534121089
6956990679
1053978813
6925642125
7592150654
6853445089
7111742250
7442280344
1224670449
2100104069
7872610918
6096424051
5764403759
8239861939
2047441940
8396460947
5410996987
8137060775
8576970756
8169900731
1711593035
8113416299
2017738899
6562958108
8424428838
8374152853
5032995195
1057095965
7166131575
275037756
8200599874
7646655562
7977777160
6687533324
2013464815
8386384773
8415849089
1065563413
6343113502
1006514548
7265926561
8246296900
6908791123
8187523965
6887124524
7585435389
8456034514
7367109039
8518168634
8221106085
922452497
6162958338
1943619410
8196708819
5984415810
511736869
6113566981
2066890812
6405074079
5788121964
1355689881
8318880624
330562981
8546880312
5617279174
8023197337
6272691100
8251882948
7992855799
8158312900
1538242208
5054446897
1813538937
6321320090
7673636284
7052854239
7437637751
7026746198
1153908876
2102577734
5890351804
8159549055
8365461714
7917131096
5830337437
7457152173
647218366
7513509045
5967239767
1016187294
6684561321
8301723156
8220285961
7208101060
1360912134
5722760564
7860704122
8487845640
8336058232
8333762739
1403615438
1033674378
8311440012
7839539471
467150746
7868045239
1649757557
8285534484
8239263629
5056989354
5184730700
1157414534
6547568926
6113930359
1836371981
6397975864
6405174028
8131459804
5636048765
6508935047
8347525839
739823055
6151299454
6137578332
7549711926
6266118393
7872910641
7535323701
6659559299
7126467670
5056451610
5322189371
8477873771
8261695189
806347490
1560894446
5579142441
7698685043
6633033791
5836983910
5388934950
652086816
5526993884
5922470080
6761300202
7204567171
969034360
8538108857
1316115643
8379026477
8381123770
7153148154
8508955434
6720038624
5324335572
8301367189
8202519310
1644303067
8422399059
2073544247
7004773709
6687319477
7715546404
7892629859
7069995316
6469359985
5621859714
7951267638
8562693577
5398504126
6886526704
7939692656
7738067329
6640693150
7808979020
8367143208
7899427078
6002552315
7871390696
7100064217
6817093306
6504608748
8521918321
8056059092
8291372172
5206279733
8066703863
7773896985
8315474108
8523315301
5462504622
5324473941
7091824360
5693187357
6044409300
506471150
6219172049
353782362
7197827362
8172017138
875455791
1738386457
8517889723
7251200389
7753507508
7430413239
5259770232
6173069766
8187200988
7731240892
5442171826
8056042062
7712817492
5531111612
1441817332
5900536387
6870990917
8116568891
6137027663
947104460
8163997983
2073744784
6516408774
5011223035
7886452788
8010680614
6733439804
5114268990
8577427209
7586446356
7654768392
1100535217
1873348364
1577690952
6992878304
6024500006
7603701520
8422337650
7925584768
6051384649
7298046350
6928561795
8483238847
6178824478
6378631015
5363359364
8195606876
848432313
1474690885
5836645463
1363148047
8469788360
353118420
6313439681
6402839879
2132321737
6435290833
8149305285
5127662867
7864801980
7848306041
8484590070
7664807610
1359989123
6600001666
7742104158
6570091963
8470498669
8020475788
7243904402
898240769
6455240276
8527170439
702048785
5136586708
5510849416
6016680003
6537421934
7439339615
5339569108
8359992547
7757306201
8121329866
7201518830
7255504776
6978989452
1025246899
8366388651
8562228634
6650826052
8287653267
1295849288
6556769804
6874586729
1733516195
2076145078
7183065829
8425598669
6145859762
8350064736
8073272872
5547061825
901135670
1708513243
7547011352
2136544234
7156485605
5125457579
5124366329
1904080694
466226904
6517184599
6375105468
8357360415
7226894393
8237206551
6586409315
449348158
5964284097
8534593575
6119802349
5944008093
5586946239
7964232725
8290633075
8225561728
6930434652
7164129273
8430439265
5453019059
8169903901
8362505214
288160454
5906567532
6997520216
97496775
116764395
6358274277
8523282824
5520635243
5393425863
5675114932
7517958668
7305192169
5092389782
7600066575
7796936795
6060174822
5074539871
7250744473
1956960408
5739480886
7941295656
8174129248
7160389174
5296952019
5023332988
8419252838
6179024799
8025332590
5914027083
7877723005
7730893983
8307173726
6797815822
6889348644
7765223636
5488297916
6032157107
5494257545
5085250450
6117900287
8296476789
7596487205
977248218
7985280736
712310976
7449368245
366698402
7660867750
6224884996
901332476
775071424
5537392333
8199650485
1287837090
7835341813
404739398
7917893092
6596753534
7260578635
8404191107
7578537999
588906513
1077574
6298232257
301358759
8502977603
1616936316
2074635013
8389817551
7759865891
8293425616
84114352
1601534749
7567299572
196309601
7062449197
1906356599
5062401729
5201754597
8431331829
8155201796
7572361891
6660912906
7898603388
1223850207
6171234607
7477019975
7041779494
6151416705
6326381961
5190689941
6514761842
8433396835
7555021959
102616663
7025993684
1099743388
1471040724
624915169
7069786516
7021355926
1314087064
1973606232
805283439
8382387179
8411626840
6126523336
8158870034
5299936048
6782602013
8327430008
2095753103
6928729473
6264891453
6480383894
7816245506
8227411563
466889677
531276615
7097209172
8221468083
6561428983
836329038
76784667
7215760805
5243719295
6200072860
425307865
1772112385
5020213391
315372160
6729215879
8265913356
6475408339
6490687089
5920434690
7834909838
6309214737
8165748992
7056072506
7761359670
7054459138
5743229011
1924280341
8238923363
5036873050
7466196526
7623336864
7025783665
6691967079
548703579
7347106415
1762723852
1025351355
8255793061
5015181319
238079377
841556515
109624427
5791391844
1811537389
6561287602
1265638499
8388891296
7320452216
7313780046
6048466580
5379489813
1089302087
753780731
7616618247
7963929344
7234580979
2078573244
1981084584
8517561113
5604681619
6342131033
958761847
8258114312
390733111
813925619
377041857
7966341061
5615453560
7874371704
5483181084
7941399449
660368504
5392949403
677517735
333763976
7784588852
1035781924
830728359
5206251991
6376777575
1368097592
7340226555
7918357050
6017527041
7896649661
5825811383
7541626932
6769421827
7006819125
7922261988
445218054
948869055
6804091295
1734127814
1451668649
8010006812
1868423832
469719266
417404708
5630908981
7734106984
8166543643
840588063
7371441663
625994574
7666834642
1726979712
5463560299
5178379862
1356683076
7477562960
484372169
7343121960
6977095353
1464597650
8299134280
8291676720
7585427495
5586754596
6992758270
1907996934
1094724921
8143899328
7747925944
8078350347
5807733423
7564576255
8350330456
5247162866
779834293
7448892179
7824817600
1450584577
8079694180
1080234913
6224650148
7730110534
2069960129
82070466
5140469902
6674992576
1226825444
2065448158
850607480
8143747371
7034490787
6620331781
7331584126
5675206300
8358058508
6093216707
784583555
7145917039
8199701517
6542704770
7301134350
6921380477
5199236179
1027074076
8386736607
6617086019
5244269721
671512180
5273161388
1805632588
2107224938
1827856349
8290216338
1442857853
6610237122
7593787950
8283315194
900511753
8383134331
6479314173
7221348168
1933139683
7300752657
5434402989
6428643843
6838627457
6951485061
5055064774
5857362608
6905121493
7818274558
7511705667
6234695786
7566926955
1166191184
7966690278
546372199
7959861462
7714076878
6528021564
5265898528
751313890
7297035541
7915923214
1816997530
5876042533
7492620466
7909858530
2084540698
8221317133
6654234386
7499497004
1600886146
1606879219
7578124224
8372685025
1119708307
6306431571
6768934631
8144541814
8240349864
8471174024
5359444942
6571472566
6839384127
1182996195
5738904298
6612243128
7161089588
7942950916
1474139331
2142952707
5677404114
7241149384
7258058584
8171133796
8400981907
1191061232
1893926180
6479483868
6643626815
7435072209
8111657147
164014468
1007146139
5617412933
7192731952
7836964524
1070975080
6040531003
7911642067
1280446536
1783867888
6565278983
7436056461
8169549578
1248086021
5918301818
6323092907
6374844265
7440762803
7908504912
8113341822
8137435404
8396592500
166364562
1316929554
1566620018
5410325807
6057637491
7139593597
7717501484
1390265259
1460038264
1647246877
2018694126
5135514791
6966767888
7905643499
1886860703
5125546540
6065962886
6360073173
6618001766
7618440507
7974376324
7999008493
8387166324
8266194102
8473089302
5965311050
7657751377
1338811586
5244873288
6890095642
7091144280
7508888799
7715551017
8134088878
1331351376
5840703536
7030222500
6051828216
6590580988
1095609592
5951155720
6341684486
6692568831
8237653680
1615581551
2129962722
6828878318
7856285464
5787910651
6171681454
7216099887
316090532
1377307896
6246763109
8095166310
1933292716
5051004989
6423752270
8009138091
1883437777
2133276533
6668455769
7283236416
7554275155
2090452473
6947091207
969288507
2029359299
2126499536
6039816982
7745702236
8422287492
5851731333
6009356253
6556040569
6616234603
7123175313
8213091719
1337848913
1461831354
1844929021
2098974175
6763856213
7612445012
2055829600
6240812909
8186782480
8252418091
5440786006
5962960355
6718110109
6183973772
6577269696
7123250580
7435137294
8160249430
5946029314
7101358847
6786392607
8452080131
1637023431
7017718003
7051506792
647537468
5112195029
5628349885
5869342299
833576804
1581870234
7567701868
1156191178
7736224906
5178328154
7588621159
6806973487
7217446677
7956446951
476644811
835936141
6206126440
6804363625
8199382832
6674707692
1101016881
5170144015
7003753144
7269910666
5053821518
7514371966
7721013180
1642972946
5189688385
1721624089
7639204450
5433647011
5725012076
6926404675
7618563040
8088013052
7135488118
5979595107
7443695231
6130838155
8383849726
6439384305
872979011
6442434511
1144917767
603760564
253504126
6391807238
1022284109
6759802636
8385419182
6678402531
1474658930
2041301445
6201892445
5061231838
7732661777
6722306434
380706694
7958613566
8163384420
7988722056
6723696477
5851792128
7386285933
6882589448
7166096693
8110385638
8384986351
8178328287
7412713417
6688488589
6771260367
6104763141
1910354307
8409881167
5959803896
6870768647
6677128721
568870711
6808294887
7665309345
6575771168
6620568088
1773423741
6709501910
7299380195
7635228594
6288644427
942093892
1798786282
815495925
6380871661
1296778882
8216135347
5790847706
5080321388
5411836630
6441238194
183232548
539472770
921669646
1149411233
7919879340
7505103467
6962093818
7178605572
438781020
7222156126
1650562601
7633278895
6553971522
5895364282
6815632289
7070787171
6692741227
1268058694
1979180147
8336359156
5696368309
6742028892
821114317
943190530
1737944210
6455857653
5642459164
8262024628
6910086449
1141913720
7284449100
784646936
502188105
5666512521
7064653141
6406660182
7371309929
7968233328
8079151955
5522011361
5211175977
5494805556
6361353341
8101413272
5202783482
8438118063
6800541995
8130275159
8447717328
1651705843
1845724522
5423396287
7284423010
1481220921
5585635399
6918401002
5266133440
296023756
7850447859
8149237895
363434528
1290388539
7016366058
5711881142
8313222348
6391255557
5326789363
1770800510
1915937236
7756182933
1020750473
8097453294
6557924869
6130622027
6484954866
327045259
5693287090
5676531899
5750461562
2025533189
7557067495
5965002292
6434861998
8090314629
6831516379
5325212651
927402716
7706605802
8151899312
8155560347
7123684662
7980371205
8141608021
7461669896
7433239442
7292594633
8323138067
8018953730
5793394333
5276379926
1600949402
6975261264
5126878932
6294494210
766405176
94835878
8238810100
6445808930
5211021694
7777782974
7547452917
7106041307
6257422319
6346814297
8488727685
2039920553
1492265165
8121632858
8351264510
8148797566
5794349953
7281529098
5182658061
7811145562
7755291570
8312596684
8161682165
6226656738
7988357898
7106263725
8450424673
7556462570
6106052680
6839148981
7327170341
6972605745
8439561450
1932609271
7871490368
7294563552
6897199803
7722195789
8295267088
7575209063
5292597088
5353161909
7369279606
7553619115
6938944416
7532707010
7934435704
7559998745
331466294
5300631620
7622780183
7435285563
7305123598
7533144410
5617861466
7615710492
8462405703
8092008287
714424168
5469385315
1765536915
8487153764
6083682574
1929029115
5411967148
8168587524
5841354509
7379050533
5036257648
6464806805
6492649846
282066482
1283850160
2037010547
1822960834
7516446434
7206842782
7607594129
6830815445
8272597701
8458216959
7968508594
6665103416
46965186
7299584093
8389944250
5337087569
925277858
1771233719
5881017872
1943747176
6298026725
8117169170
5277425119
6052442339
5566002535
364864588
5851648700
82370586
1384143124
1988221532
8163060043
6787685566
6219093891
1258542917
1872529201
365569839
8184111146
8055556941
6528920935
1047281435
7272632851
624161005
8171044083
5991627460
7248977126
8455131880
5893431639
1425185644
6198923349
2080878991
8007296261
8173005516
8214074529
352593396
6531752563
8098364152
8196296284
5173589733
7084805783
8207868978
1171384130
7871593953
8194310339
6620618256
6300407485
109409451
1783928479
909613185
6407802174
2047477559
7957721498
5355082084
907609769
396290667
8158910928
6268439442
7513429404
7115410436
6884774336
7767046862
7018118272
7463447567
8248953864
1726971174
8255941656
8423548305
8163206280
7641102520
889701787
989076476
800785001
8231191767
678894815
7574675838
7197513037
5197501214
6776188214
5054530957
1597690902
5654000137
5115770334
1435781730
1994839741
318008800
2112481742
8129343246
1990292020
575026995
8241715296
8350275972
7755600639
7280142673
7730496032
6052468599
7237252955
8320763012
6801022612
6630056784
8104727851
7869760651
649044161
8080215003
6413662610
7187624327
7049145560
857945785
1387853005
1335349358
1356269342
7320659248
5912440399
5481785137
8079282932
5180258271
5200296373
7738968385
8458991742
8344256357
1209013505
1749746155
5898522531
5964469464
6561316317
8212370377
6648590634
346447928
397952719
8198890451
8389097796
1838172877
8115097905
6994114985
944481195
7831893824
1910548014
1734751366
894761316
1478057591
7276331449
1260727849
6843360427
6818757024
8413622953
8443811392
348486840
806549816
6166203917
2102210374
8112483250
8031550639
6785743374
765586956
592309051
968773369
5018658757
6617243170
5501862218
8127330643
7143756677
7444571860
8485297512
6131694715
1387089066
8398973948
802889024
6774729653
7986419617
6815814775
8458946825
322570463
6403202509
1736223840
264210042
7278083984
7517090737
899022350
7847271758
5656779509
6777900042
5622344455
2953569
361767060
7995236874
506004670
8215980316
188053995
7146304559
7476350884
5411503179
846729386
8272750055
5354862836
805295701
5843425540
7587489642
7616878646
7099301400
6728645270
1432729797
5009299953
7959423719
5812163892
7198247912
6053270957
7178920657
1016103793
5210757336
7429658272
962571078
6614400195
6274823685
649927591
6772695266
8363361277
591239320
6131401357
7513890197
8137877247
6039398976
7050810304
8188433919
874456992
1741096488
8376558557
8137359815
5507939994
7508464985
5314085775
7185820374
6403043212
6162413146
6221447559
7236918981
7583060415
7308358047
5605162577
5984115040
6009064704
8053570184
5501047587
7142609864
7718035118
7541329570
5282022443
5503274767
7256562063
5469036992
5920286865
7365583309
7398373317
7958113170
6261824824
7312043235
5501760307
6177929032
7183886129
7290849366
5415188620
6186350820
6058302941
7286102677
1497057273
5540594068
5534280213
5937318547
7016506073
8047264255
5926320683
7908950067
7538018427
8083737422
7523594287
6124308688
6168929173
7532791568
8070968963
5473396684
5428752934
7402453802
6038307592
7314005765
5468408225
7227584137
7574737486
5853953117
5507616399
7159853816
7475480743
6205137196
6292148754
8159888943
6265209523
7381796858
5797175622
7157777676
6137860121
5819431614
6058136923
7262815139
6212391928
5599113925
6849177575
7506006692
7959680705
5312445862
5489584976
7328781531
7418788739
7894977791
6186093001
6586578411
7296696028
6099127396
7028961432
5323876032
6289730592
7230554970
7253974579
7598012818
6296246442
7196117197
8124590118
7060770463
7211417090
6106531385
5440914810
6137626346
5365984935
7427950542
5542563877
5493810781
7162497035
5917517906
6392551010
5922879746
394902243
5893926968
792941409
8245690851
999670206
7742737220
5421867658
7244787261
5647244297
6403575088
7446554186
5732462390
8160426553
5594828801
7132761405
7517715961
8445099768
8365316300
7677976076
5925418394
1861302862
1393713303
1740017216
543992869
6315822235
7620153479
8031586340
456969386
954776844
7618757045
5058161707
6071639495
5784956327
6436509113
5956442463
1098604956
866131732
5753878123
5738569661
8256649369
5151921741
5418188739
1949636067
5804383287
7505713475
7613921468
2107835251
8201127966
5635400782
5264179911
8330548601
8145280841
8295228403
7462397101
7646137324
5518878347
1292601727
6161917355
8457179089
959267291
5168816139
7546694063
7832768221
5613985663
8406517583
5980161705
801619020
8451295615
1031017685
7535769932
7406873152
6841003590
5186603577
6328185265
5854891851
7176958845
8165155396
1111692136
7142519774
8189732083
5575632557
7317124204
613966647
8193727497
7878641825
6582639312
5578116473
5921896553
6100535569
5403599738
6023615436
6243544730
1792329311
7890691223
5506788555
6135274625
8004735724
6652195970
7796661672
6279556771
7480941036
5330711589
7371736390
5444486522
5462935668
7015094590
7176478778
8179817093
7425630206
6253573369
7333615150
7588862445
5904143545
6136743874
5483556098
8100296052
5411822685
7393115270
5535899534
8059838421
7401515804
7330352513
5600123251
6280064616
7511668480
6983970948
7404892936
5403204155
5588621299
6081608771
7497817122
6419082947
6237967906
6085712264
6259045119
6145366658
5579388141
7811759030
6195649381
5046772417
5456503484
7170476570
6612783268
1463125982
189560971
7526171606
6765854474
8079650037
6561956017
8135887567
7846080411
7926219206
7628730362
1695440134
6523820712
7942222588
7185902717
7924061475
572353732
7962957075
8435876758
5030166891
415213685
8304700339
7686915762
8180162770
6906643478
5223712668
280312252
6762460058
465062144
7739107601
7646659389
1432654195
7038985233
6098789780
7248644361
5275039304
1071918588
1682257176
7466964645
456271263
7838020398
8015207243
5971237428
6431650203
666834989
8095547400
7925967188
8436809624
7973750259
6627791879
116877233
6029957178
7720460840
301879648
841430773
711065706
6544226300
7573778861
6448823754
6923278009
7032612652
5787120644
6402371538
8074345096
961471625
548343360
1232128458
1421262654
7768440180
8315134211
8279703519
442056073
6909376984
8049110862
6434246097
150436115
6649558583
7444335524
962163751
6825528885
7620478485
5070276038
7969378991
6961049578
1485920811
5776832327
930469062
479588779
6168310670
8165866779
7662850488
8061353602
8196250368
8141617226
8162067909
7338567884
7820733751
7930690765
7828147363
7263440540
7405768027
7939446555
1660359361
5847797738
6775813616
1935543527
6911351148
5666371401
1868102478
1267878484
5666794013
1600417641
1199607007
5255126613
1279069975
1432879337
1674773214
7094284348
2080209722
5910059644
8086050339
7082165814
8218089544
7080119865
7782288661
1214220210
1108172122
990255881
5020429113
786705006
6280319919
7538926120
5499346726
7758567878
623941324
8067284273
1046264206
1156571138
1630089331
6151608080
446652685
8052681033
7256546076
7009483573
896364905
6021213122
1431022444
7021683349
7606300618
899154380
5554525924
6972083552
6105244155
63194094
829337960
5561561305
7727357324
7927868527
8022911184
67899610
1409146566
6030559974
6769992686
230297959
7004783841
5441154634
6741078881
1463281041
7107970898
5024724547
192477385
1661736195
7429901328
914893786
7988522091
7381577891
6976706787
8008274244
732051762
5001859038
6170982353
1158249496
218099142
1249971899
1136165491
5968899205
980865664
1386284553
7850683783
7290711375
1201989442
107777912
332627681
6433080881
7146640472
5308561977
8068454782
11547
51490
198049
216927
317229
331013
371406
600278
639010
704747
747862
748132
829377
932101
996873
1049606
1085651
1096798
1237410
1292854
1299147
1830463
2785895
2852149
3052738
3319164
7818522
16961705
22159238
24378795
25743579
27612639
29061164
31724569
33211683
33598034
36549498
37147254
37286443
38473295
42331164
45506986
45997875
48749566
49574499
52792571
54489074
54805111
54916418
55429638
55662010
55799422
55889733
59360964
61280592
61402774
62106443
62544075
62798159
65238898
66935885
69323009
69666618
69940195
70809140
71043086
71336806
71616062
73457876
75589231
75653144
75737076
76591557
76616049
77320092
77567281
78454489
81217966
82431084
85153355
89330064
92518113
93148202
93677859
93965962
94820530
96389033
96903558
97085889
97454492
99496140
99559094
101939897
102569779
103706860
103850035
103979961
104070689
104812199
105287768
106041882
107151090
107778609
108273816
109394918
109409136
109629623
110775846
111324399
111746819
112033576
112621302
112765677
113887927
113908975
115074792
115434174
116065301
116095557
116459773
116969708
117040172
118118633
119657683
123197948
123347919
123746221
124117137
125054604
125176401
125388997
127176983
127193449
127720993
127900099
128527812
129619099
129779216
129886230
130454242
131440693
131565075
131813809
132798981
134425826
134460301
134854086
135861993
136018935
136470701
136817688
138073407
138140635
138723946
139097564
139387809
139653806
145028601
145247257
145454464
145682088
146395586
146679674
147091473
147794741
148317811
149103563
149723965
150449047
151729438
151919180
153540823
154706035
154731299
155408700
156748471
157126084
157384262
158268881
158832720
159568923
159630352
160229225
160507339
161064350
162577331
163594377
164534979
166061221
166668069
166681806
166729080
169546052
169564445
170376433
171232343
171815536
172078289
172429741
172844528
172883523
172898734
173037638
173978515
174106554
174534406
175165470
175445239
176487970
176567634
177626035
178345978
178540747
179017045
179478495
179899848
180351536
180494380
181442139
181595116
183107259
184090623
186775410
187272765
188203804
188537144
189506131
192065859
192641962
194901233
195374487
195643371
195708733
196277499
198328271
198654813
199046604
200168567
201167093
202044158
203090793
203225898
204601835
205016457
205279346
205301426
205650208
205997601
206122720
206133110
207438847
207482610
207537101
210132041
210802446
210826305
211011836
212390622
212616891
212890176
213003592
214763636
215396772
216218837
216585851
217413384
218526327
218527175
219953861
220303031
220823483
221370809
222215698
222427193
222439462
222467470
222845561
222989611
223179508
223704272
224174599
224752588
225307231
226624830
227962752
229017936
229560701
230145114
230723168
232277330
233522082
233993764
234358011
234408652
234748501
234833849
235029283
235497280
237882342
239160859
240062279
240602924
240644915
240666841
241786126
244239635
245536660
246204858
247203823
247455124
247492974
247688770
249024066
251022552
251023909
251387068
251461827
252915345
254220712
254526014
255425250
256229384
258463592
262463655
262790343
263186157
264059769
264428181
265033594
265219840
266525588
267019283
268581092
269603844
270966994
272243870
272370517
273088512
275782351
276551486
277303909
277606291
279801211
280666122
281398927
281415655
282188665
282189104
282777126
282988066
284050542
284334500
284676715
285632722
286784872
287462073
288193036
288262039
288459283
289755819
291787732
292990409
293449431
293505874
293522591
294349161
294904063
295605553
295944629
296163383
297796028
298611081
298826134
299379103
300013549
300044097
300165213
300320151
301339103
301382618
302139820
302722440
303656173
303955082
305366811
305802766
305809844
307807144
308148194
308338967
308667387
308820615
309793794
310562275
311217187
311248225
311784087
312673858
313204355
313218202
316992904
317455494
318898317
319235801
320044335
320179899
320609577
322161447
324284927
324652181
325010140
328680242
328907253
329284556
329604670
329703040
330731639
330826017
331469656
331471052
331686894
331873034
331880939
333632879
335063019
335323186
335460329
335873876
336305537
336351044
336392007
336754063
337269526
337492725
337745647
337877083
337940641
338284073
338305104
338490908
340662331
341872948
342102133
342209325
342261822
343391250
343517434
344907942
345522691
346225867
346649879
346798588
347352611
347385152
347500800
347797250
347860214
347994321
348224131
348370676
348377594
348933565
349495015
349770515
349873322
350163308
351058889
351129036
351709774
351760079
352153973
352704562
352776057
353469187
353759941
353906293
354441921
355030315
355040073
355113799
355961955
356251641
356534612
356781381
357288841
357770792
358906304
359029285
359692442
359750677
360846786
361394864
361509891
362310716
362766671
364313362
364433328
365245240
365576584
365802892
366069851
366600977
366932680
367990077
368523438
368689232
368700113
369084361
370124373
370235585
370949967
371515048
373376239
373388294
374567223
375507565
375732362
376220358
376275637
377124941
377218946
377502349
377611348
377671161
379361457
379693018
380354959
380489781
381037095
381284619
382064251
382217794
382221688
382254655
382341504
382412537
382566942
382783287
383258112
383729953
383890563
383922401
384037528
384241200
384613221
384676855
385180202
385493476
386451552
387015567
387173125
387617841
388236082
388277123
388358238
388582434
388595682
389321653
389383171
390094455
390445861
390641406
390660337
391642717
391674869
392054076
392615493
393011893
393112286
393917057
394196114
394908230
395043519
395498924
395680837
395759236
396653031
397116070
397779961
397856052
397996767
399325571
399555664
399889390
400540068
400982176
401054284
401158500
401196891
401357761
403997909
404172568
404582979
404615206
404818822
405263223
405351853
405508570
405568659
405657107
405778253
406177208
406263590
406317597
407056221
407641634
407738295
409159113
409543118
409651800
410164142
410670197
410934323
410962840
411235965
411329666
413053743
413630185
414278560
414373563
414412742
414754695
415268656
415520798
415639628
415854649
415912103
416665254
416729427
416855990
416928166
417060294
417113091
417234545
417261247
417495644
417758339
417991284
418054674
418357922
418554555
418860540
419405317
419412666
419661829
419833581
419966697
421274974
422219705
422536009
422595119
423108616
423288397
424141557
424710684
424994865
425035613
425232524
425432974
425862966
426229360
426336013
426366873
426516100
427723360
427758277
427792557
427840407
427881721
428006855
428612476
430162768
430859353
431090947
431939447
432472813
432741115
432975763
433495557
433853729
434075644
434398623
434627875
434937992
435565991
435706025
435822771
435832240
436043581
436522975
436831652
437475470
438376522
438462863
438534434
439021013
439027153
439051483
439557615
439712915
440635954
440710603
440967026
441045215
442032899
444354935
444582075
444759098
444945171
445336353
445458260
445541788
446179692
446384886
446586860
446951137
446994133
447143577
447711148
448037673
448076964
448199729
448529870
448560240
448797456
449147262
449211411
449407547
449580104
449633516
450211371
450219237
450429648
451097036
451117756
451650133
451694840
451739931
452331835
453316605
453427796
453544435
454045720
454179727
454464822
454590867
454814772
454847811
455298350
456059003
456181952
456295542
456525514
456528895
456725696
456756005
456809638
457232928
457355499
457629346
457665454
458203066
458368707
458463683
458518092
459079459
459167051
459426507
459784901
460042125
460764022
461095450
461448849
461573295
462519865
462542580
462630729
463041739
463407972
464068023
464104220
464626639
464771094
465546994
465552219
465583459
465922588
466867337
467044921
467506295
467775974
467909079
468573414
468685656
469008023
469133871
469807085
471091469
471309313
471570470
471980036
472703892
473097952
473349625
473842606
474020899
474159242
474351685
475480863
475579157
475955550
476390947
476483086
477235079
477235935
477312425
477486358
477555939
477667729
477765551
477776356
478372247
478857728
478891984
479102664
479355726
479383461
479869103
479919176
480219892
480305033
480531096
480625141
480672618
480682672
480869142
481171484
481894277
482332423
482482412
482987509
483296169
484840782
485011177
485472860
486145146
486520963
486710839
487752523
489037015
489577313
490294358
491327953
491536032
492420258
492593205
492611894
493126250
493180210
493756092
494074212
494248464
495379249
495481810
496106987
496341030
497081232
497083983
497154119
497307904
497374247
497470373
498345100
498544618
498732352
498826870
499016938
499170705
499394626
499673399
499902813
500396707
501401525
501652635
501912497
502256805
502325769
502537465
502828499
503081294
503149302
503453112
503513920
503892438
504277196
504341481
504373122
504435436
505584379
506101182
506641319
506938125
508298234
508523448
509101383
509103046
511800464
512664053
513457876
513845642
514121796
516463742
516740522
516858695
517188189
517366995
518063407
519514744
519810653
520528896
520740207
520955239
521161013
521342715
521995531
522165856
522694961
522728491
522855203
523495731
523668486
524103292
524513701
524620503
525053304
525381642
525643588
526874959
526885462
527839724
527941415
528703250
528860753
529522024
529844558
529860566
530260260
530661747
530915098
530989489
531649903
532033358
533260880
533353111
534024504
534978597
535057315
535474550
535795538
538270200
538400562
538594214
538761515
539178087
539228454
539366938
539701906
541285624
542168838
542572754
542612793
543834914
543871898
544071342
546544703
547049517
547060499
547077307
547276235
548722209
548766676
548795382
549170912
549177288
549489210
550934441
552790990
553019544
553471508
553591614
553997382
554646576
554920881
556019993
556339733
556776468
556792918
557179015
557840926
558455838
560694505
560706700
561528438
561639862
561847216
562296407
562711815
563405452
564163429
564697545
564800319
564888218
565773820
566270117
566995846
567035864
567677576
570067556
570305146
570703603
571071514
571211868
572193621
572333106
572982573
573590345
574026313
575018914
576103228
576198420
577721594
578071501
578983690
579706169
580052168
581126218
585444509
585657790
585721894
585776534
589092352
589797346
590195569
591378640
591614097
592261758
593296128
593318121
593583854
593775200
593929459
594263983
594280817
594296372
594451532
594885450
594962040
595114320
595651267
595792398
596089529
596513618
596689781
597898048
598374457
599867869
601270163
601595345
602003740
602836467
602972411
603186906
603969016
604126180
604691569
606333213
606474996
607353840
607405766
607593494
607679479
607982741
608287121
608655643
608762502
609329247
609600068
610708694
611668203
611669811
612925334
613040458
613391006
614406268
614684329
615259896
617391918
617681431
618212390
619900472
620510007
621548471
621788759
621855462
622191556
622280455
623003282
623976594
624366228
624592337
624686066
625013134
625333299
625651034
627443901
627500591
627622932
627726800
627766598
628814706
629271787
629363157
631502197
631965752
632609215
632756447
632880787
632888964
633662542
634161294
634299552
634598003
634803370
634951359
634956894
634961137
635226687
635336228
635774249
636792276
636833487
636962620
637129984
637461659
637574677
637737599
637820951
638564184
639577130
639583178
640799779
641298076
641626019
641946298
641976664
642147251
642542176
642804350
643051867
644020912
645259468
645784718
645885699
646027673
646059548
646080322
646214388
646872862
647222190
647762399
648061855
649550028
649787773
650049459
650464227
650621786
651255618
651522760
651951740
652008932
652922190
653084789
653464913
653674116
653726254
654943868
655359319
655410774
655857149
656640113
656991897
657092121
657218023
657658714
657717080
658606326
658989735
659045567
659136239
659403115
659605634
659639190
660197921
660430792
661163054
661166988
661473368
661652821
663206831
664171838
664929738
665170723
665215380
665845946
665917040
665963445
667153486
667426622
667912139
668598083
669600694
669733952
670280645
671800734
672290799
673615643
675525552
676633440
676823731
677188452
678377612
678843067
678979384
679914007
680014837
680026958
680612402
680783182
681593778
681870806
682344669
682546024
682644087
682729547
682740582
682808489
683150258
683206109
685246901
685432991
685488200
687396981
688495262
688832854
689240282
689676616
690182764
690390213
690915028
691443449
691473707
691539436
692735532
693179947
693462170
693964165
694269716
695470318
696107987
696794554
696846424
698249572
698297687
698835446
698993036
699494537
699790131
700320846
700551585
700849352
701090864
701249128
701866151
702239334
702519590
702706295
703542362
704032323
704123517
706489955
706935843
707021532
707270519
707962290
708060673
708063537
708690093
708999646
709094571
709415302
709773190
710710457
710753722
711392582
711436992
711840255
712451103
713326616
713483340
713658799
713742919
713801360
714276709
714964406
715056742
715075905
715407537
715414760
715516889
715724085
715780932
716550743
716737136
716894080
717398486
717701093
718018030
718111909
718160707
718403323
718468010
719068426
719106918
719584532
719861815
720704847
721377321
721575778
721648510
721829185
721985558
722049324
722086041
722412381
722504375
722710489
722981550
723686590
723748157
724147821
724337566
724377983
724694474
726153629
726260992
726575130
726643802
726682588
726781552
726785610
727099535
727256208
728089798
728643871
728683245
728760192
728968997
729315831
729431739
730544256
730652577
731537022
731560178
731615683
731699122
731865795
732134927
732147157
732968734
733585254
733980424
734356484
734532439
734809184
734893324
735173882
735270032
735444815
735738507
735803781
735807449
735859413
736048270
736174929
736207878
736933366
737029945
737520159
737803724
738502014
738558457
738655966
740311056
740646904
740960210
740966116
742095028
742444422
742917437
742930562
743037091
743226246
743689733
744123461
745028021
745446020
745827243
746331833
746767666
747122512
747244827
747340115
747359697
747386349
747857246
748038238
748146370
748319289
748438008
748671623
748794823
748798764
750035154
750237888
750641794
752246472
752375109
752833634
752902247
753453314
753890318
753908101
754200860
754522363
754962982
755378714
755677785
755955861
756497769
756772730
757016172
757069230
757085951
757374622
758263482
758424256
758429489
758693659
758767157
759268571
760055812
760143399
760155895
760271397
760620734
760787562
761315820
761947983
762152147
762229706
762941935
763002689
763070939
763220484
763920430
764183699
764418548
764781371
764790713
765465516
766085621
766227071
766330533
766698241
767134023
767613210
767628061
767759151
767907395
768546829
768687194
768862071
769194318
769365423
770302744
770501422
770528110
770533751
770851724
771215913
771351440
771543116
772549273
772593261
773184213
774058682
774305019
774397300
774648320
775679399
776597588
777812170
778384490
778915582
779020911
779078154
779365417
779400724
779937761
779992711
781217469
781546128
782022988
782370470
782990755
783296008
783316909
783547071
784198060
784565047
784800679
784955150
785074741
785514682
785953031
787165705
787536111
787551597
788196848
788364783
788570444
788619286
788810302
789048495
789702757
789764185
789874439
790549027
790604186
790870255
790990758
791042021
791219162
791786780
792270686
792444024
792895019
792966549
793420278
793756881
793853285
793856390
794457641
795389039
795609247
796789026
796906371
796971079
797083893
797559817
797615844
797921785
798109341
798306171
798765102
798983337
799043457
799099447
799361138
800299656
801375015
801604729
801611049
801637523
801899644
802276884
802279859
802368690
802803931
802831862
802906669
803476880
803556577
805067784
805068759
805864406
805943430
806660115
807857807
808214267
809088045
809685454
809876237
810066493
810116111
810830282
811085167
811336726
811549737
811773252
812206199
812227095
812883720
813419635
813727808
813856256
814106668
814111343
814820781
814865006
815268690
815499088
816694411
816736458
816983233
817103917
817305966
817429071
817642586
817826167
817960269
818168603
818363919
818862822
819304377
820002580
820174845
820384008
820893442
822190606
822412643
822640081
822717986
822757103
822893522
822921722
823225824
823597662
824012542
824357246
824368137
824523844
824602068
824985072
825066333
825156847
825157580
825424904
825857596
825900771
826461927
826747246
826897590
826916086
827697572
827780326
827800850
827894900
828414767
829241912
829411193
829579852
830257227
830270078
830804370
831496173
831526824
831798784
832156226
832320848
833646091
834671975
834909103
835071324
835262766
835448390
835468570
835684496
836012579
836050868
836597858
836986996
837070708
837364351
837819174
837846702
838132272
838267185
838275499
838436767
838605049
838736183
838878741
839377257
841665674
841667656
841767848
841832235
842070046
842916541
842983039
843208646
843592988
843617684
843937367
844470692
844586757
844619271
844786433
845810373
846159787
846373722
846603627
846782309
846804903
847418547
847651828
848310595
848823705
848832039
849521338
849866362
851231548
851515183
851682926
852243440
852313525
853025532
853035671
853066956
853859678
853990190
854150226
854647850
854812222
855042047
855425751
855657020
855853377
856527175
856593788
856647409
857020371
857405649
857905227
858196829
858229825
858230169
858761056
858908031
859670865
859724782
860003382
860183727
860377997
861088276
861189700
862273012
862429250
862696701
862986729
863187063
864419899
864439210
864828333
865414835
865912774
867105024
867232918
868238278
868752551
869017992
869269153
869842218
870469400
870902455
871113609
871329872
871381901
871973383
872130411
872158092
872524840
873179796
873199732
873266567
873294306
873451783
873544887
873710065
873907565
874170071
874553977
874689329
874899811
874996925
875030609
875202051
877384253
877457582
877694589
877966272
878432382
878666443
878855607
879778270
879826981
880032364
880163899
880349362
880383123
880765119
881923452
882849120
883131007
884353064
884363667
884467930
884974126
884997023
885095445
885096241
886680800
887558348
887926834
888029114
888150210
888282965
888345564
888478346
888553373
889431416
889961906
890310531
890395345
890397015
890759647
891683942
892125112
892756302
892910690
893157546
893322152
893446307
893547792
894027346
895076187
895111241
895189869
895210149
895717516
897925116
898016140
898411567
898429711
898721034
898797491
898959161
899561468
899788878
899802751
900686757
900712972
900759894
900896016
901350286
901682037
901845612
901885257
902018495
902213460
902694288
903182960
903438825
905005936
905359997
906536100
907171692
907654180
908868978
908875133
909032553
909132556
909190803
909204219
909981198
910523351
911015291
911367167
911731175
912533412
913310181
913536468
913807306
914088900
914261588
914999744
915654107
915685609
915903254
915992453
916021876
916050757
916194436
916690487
916972876
917327817
917939639
918113401
918229303
918852956
919010382
919460644
920223802
920832989
920924965
920951093
920957967
921496813
922286238
923065877
923186348
924000549
924981746
925032694
925542935
925840609
925842455
925933449
926135471
926277552
927081175
928001454
928893789
929184750
929736823
929926972
929995478
931054128
931363240
931380493
932101663
932292188
932626483
933609111
933801760
934513453
934638374
934690818
934828583
935048810
935393853
935441415
935639696
935993040
936069022
936097984
936193106
936268786
936329890
936414064
936498208
936998402
937402123
938714804
938778065
939278595
939321603
939637157
940129737
940160436
940428634
940592210
940784908
940882294
941595643
941599755
941639107
942270921
942325275
942457454
942974871
943131910
943335377
943546928
943796605
943868529
944659267
944717460
944728005
944811845
944881544
945969348
946073294
946678891
946926971
946973036
947139665
947250297
947367629
947428675
947566201
947612588
947929869
948132687
948926948
949060387
949065802
949203559
949831700
950620812
951259097
952668028
952718890
954781457
955600894
955719376
956179213
956333874
956510167
956611117
957430233
957970546
958279409
958545552
958552967
958684475
958781473
958990173
959516528
960063306
960302209
960450166
960874708
961311449
961978947
962102246
962120839
962333831
962779555
963063361
963090255
963172654
963341423
963413986
963570175
963653878
964088330
964519191
964604649
964688005
965047990
965448441
967035123
967290604
967373246
967726029
968239385
968263347
968465036
969162482
969275437
969326274
970395625
971017891
971019882
971125240
971230960
971248129
971961381
972308608
972590321
972956841
973136048
973238928
973288645
974031248
974562891
974882177
974978773
975972852
975989417
976009548
976951636
977188196
977773784
977800186
978021531
978361978
978465142
978465984
978720429
979198646
979202664
979614896
979964380
979999328
980305829
980492226
980498637
980666153
982385683
982513636
982766734
982917302
983238188
983247654
983418734
983426847
983460496
983476597
983897403
984306407
984512726
984700357
984746944
985339351
985864767
986086137
986493156
986646534
986924313
987726398
988064923
988562397
988668033
988859680
988866841
989010870
989655609
989837732
989998121
992322790
992433984
992622328
992743945
993968721
994381674
994619197
995015693
995053812
995059501
995249720
995257676
995768392
995774202
995792312
996184415
996682838
996828543
997165242
997776186
998638777
998804896
998833552
999709517
1000158081
1000352135
1000508733
1000554030
1001727211
1002284354
1002290964
1002415533
1002684724
1003065326
1003293622
1003323617
1003390295
1003634471
1003637455
1004078737
1004346345
1004492728
1004542826
1004724879
1004806465
1004992818
1005025444
1005064866
1005576171
1006292957
1006539115
1006745204
1007241018
1007344290
1007803045
1007828910
1007859583
1008021416
1008408726
1008628668
1008822920
1009482768
1009576492
1010356527
1011555522
1011732919
1012316056
1012495698
1012766688
1012870889
1013133739
1013307733
1013554302
1014560766
1014649124
1014897663
1014905600
1015471824
1015542405
1015722301
1015810260
1015917066
1015934638
1015950699
1016376394
1017316931
1017367257
1017461876
1018243750
1018662517
1018695288
1018770722
1019402871
1020227077
1020318099
1020611368
1020793114
1020924513
1020984301
1021047497
1021069626
1022322465
1022373053
1022468964
1022716892
1022886788
1022923020
1023544051
1024110843
1024390258
1025005053
1025212660
1025289098
1026678269
1026751856
1026953400
1026966834
1027483434
1028103306
1028336268
1028585453
1028649639
1028866245
1028881163
1029362164
1029844452
1029904966
1030054723
1030117377
1030282831
1030362407
1030699194
1030820991
1031006302
1031963562
1032052960
1032199981
1032615966
1032617861
1032627002
1032919106
1033043949
1033142285
1033261292
1034220515
1034702627
1034921552
1035092491
1035108568
1035320751
1035846432
1036153551
1036736570
1037092009
1037183782
1037407784
1037467239
1040611148
1040651092
1041418542
1041454402
1041494073
1041890503
1042322641
1042324078
1042968743
1043989928
1044015167
1044043491
1044424918
1044604081
1044791603
1045778728
1047013047
1047071093
1047598552
1047800165
1047800660
1047847636
1047897406
1047935998
1048163906
1048874633
1048905934
1048998169
1049024528
1049063931
1049125154
1049226761
1049602222
1049996787
1050226077
1050290552
1051148623
1051720389
1051917288
1052283618
1053800231
1054624264
1054701532
1055259296
1055602168
1055680598
1056739731
1056843827
1057104797
1057779187
1057881092
1057944203
1058267356
1058500312
1059009086
1059023512
1059699620
1060320437
1060676398
1060955766
1061582318
1061796705
1062698824
1062715116
1063091241
1063209718
1063506668
1063659082
1063861217
1064333912
1064348005
1064835895
1064951410
1065276423
1066389651
1066597926
1067760701
1067870613
1067871853
1068508598
1068681819
1068868236
1069029881
1069444607
1069479278
1070165364
1070663288
1071022024
1072164752
1072393153
1072614710
1072659379
1072989355
1075027382
1075095955
1075787298
1075887735
1076561649
1076738971
1076744820
1077097033
1077758879
1078138645
1078431131
1079054212
1079297527
1079493184
1079543046
1079759333
1080124204
1080482503
1080764762
1081353953
1081729803
1081864285
1082632021
1082967168
1083649213
1083797217
1083871673
1084035440
1084733104
1084804496
1085693491
1086554166
1086719659
1088150794
1088339915
1088410764
1088445258
1088729788
1089310872
1089531957
1089536636
1090390413
1090608845
1091364669
1091430335
1091886310
1092054988
1092220918
1092316586
1092458681
1092574772
1092870343
1093326164
1093519331
1093756711
1094887358
1095066886
1095781624
1095994390
1096421841
1096602009
1097693973
1097842215
1098376632
1098716176
1098853708
1099530454
1099543606
1099676302
1099853254
1099917292
1100174524
1100751646
1100850993
1101520524
1103591183
1103901486
1104561545
1104734678
1105327954
1105689268
1106720646
1106845987
1107034894
1107285527
1107707886
1107729272
1107860320
1107865616
1108015786
1108069556
1108237867
1108655631
1108831981
1109645715
1109711544
1110479797
1111178264
1111231864
1111304411
1111640976
1111721133
1112655504
1114114058
1114437555
1116137664
1116169407
1116661736
1116973197
1117381620
1117903682
1118657957
1119147409
1119456625
1119472163
1119897336
1120212289
1121052762
1121952952
1122186317
1123662610
1123803951
1123990299
1124705317
1124912654
1125108024
1126148792
1126743747
1127086211
1127618109
1127618449
1127740304
1128345831
1128717275
1129650289
1130098910
1130335871
1130790805
1131204510
1131255679
1131868745
1132473893
1133023922
1133405578
1134275480
1135357018
1135382256
1136094728
1136193387
1136349164
1136812217
1137323211
1137493430
1137970999
1138029041
1138034989
1138333727
1138570187
1140921369
1141131432
1142239650
1142359615
1142773930
1142826963
1142836649
1143527278
1145143667
1145313828
1145543441
1145875588
1146039388
1149093072
1149341442
1149459929
1149763458
1152585194
1152590852
1152615720
1152725116
1152871581
1153040205
1153054713
1154235699
1154481542
1154634646
1156039507
1157353993
1157638937
1159505715
1159594307
1159601343
1159830876
1160958661
1160988523
1161527945
1162156037
1162661177
1163269525
1163998009
1164303265
1165083473
1166867591
1166873359
1167922862
1168884938
1168980979
1169866243
1170170536
1170486334
1171118046
1171346212
1171421245
1171493433
1172609416
1173156931
1173386791
1173883078
1173884403
1174248513
1175520022
1175659112
1176887988
1177156259
1177632391
1177727183
1178043127
1178214952
1178228098
1179072322
1179166639
1179914427
1180744386
1181787897
1181953018
1182770758
1182945627
1183167614
1183366510
1183783241
1183891215
1184399810
1184587378
1185102255
1185277043
1185668121
1186364154
1186368342
1186391890
1186427882
1187230220
1188761378
1189442411
1189815472
1189881078
1190774187
1191284982
1191323952
1191666567
1191676426
1192255687
1193234211
1193435930
1194629708
1195297092
1195504008
1195913382
1196656135
1197419893
1198042733
1199224249
1199384634
1199751133
1199791443
1200368996
1200904055
1201290256
1201547381
1202166345
1203111206
1203671752
1204469606
1204759852
1205436979
1206256540
1208859715
1209223051
1209939459
1210341962
1210709880
1211458573
1211530498
1212001847
1212051470
1212201128
1213452671
1213568961
1213793391
1214789092
1215722959
1215976205
1216351346
1216493036
1216516277
1216610039
1216651333
1216867847
1217757841
1218010912
1218346058
1219224837
1219387436
1220481989
1221060833
1221063443
1221136339
1221180108
1221479036
1221511940
1221990258
1224098927
1224886578
1225060231
1225563010
1226081354
1226352740
1226398293
1226747074
1226960582
1227233069
1228195040
1228868879
1229400568
1229448981
1229450834
1229924901
1230245095
1230413391
1230610509
1232491801
1233160982
1233830060
1234146161
1234249237
1234439025
1234459663
1234749339
1234971388
1235438479
1235632628
1237044729
1237985205
1238124603
1238377232
1238439496
1239024270
1239074633
1240478922
1241968138
1242298644
1242458535
1242564952
1242634129
1242715612
1242986109
1243971378
1244806379
1245035881
1245666287
1245816378
1246203266
1246414228
1246429347
1246988510
1247017754
1247157432
1247774477
1247929641
1248123943
1248421780
1248470238
1250335516
1250384533
1250606057
1251436774
1251864697
1252417157
1252418780
1252449363
1253112499
1254155763
1258153397
1258231751
1258878831
1259066492
1259277604
1260062578
1260942235
1261077141
1261999207
1262753044
1262766924
1264090432
1264691588
1265162169
1265783745
1266190343
1266395403
1266863240
1267141424
1268175106
1268655220
1268720756
1268994676
1269561313
1269866088
1270348289
1270791828
1271367988
1271738372
1272071375
1272335047
1274032115
1274037647
1274241543
1274267753
1275004181
1277068390
1277786283
1278286550
1279517319
1279542283
1279609590
1280519711
1281482845
1282577741
1282805534
1283018703
1283545924
1283940324
1284846659
1285472241
1285889132
1286606219
1286918182
1287114477
1287722730
1288064460
1288572920
1288820451
1289698579
1289909389
1290353178
1290630069
1290696552
1290936228
1291610744
1292052476
1292879981
1293028778
1293384566
1293821735
1294295260
1294460751
1294594130
1295158512
1295268717
1295499656
1295548244
1295945724
1296146268
1297492542
1297544965
1297730667
1299470518
1299478870
1299811811
1299913028
1301779547
1303939843
1304020371
1304908252
1305802751
1307065741
1307169779
1308690053
1309261596
1309403143
1309881794
1309989759
1310568539
1310845581
1311042780
1312092019
1312307395
1312531277
1313644434
1314136203
1314797898
1315118151
1315938823
1317073305
1317478010
1318142204
1318972923
1319259878
1319508366
1319830699
1320409305
1320507041
1321135666
1321192466
1322325006
1322631523
1322700195
1322738039
1323879981
1324257346
1324828397
1325328018
1326483669
1326883261
1327463517
1327479212
1327880666
1328105502
1328364338
1329046865
1329242905
1329334937
1329465779
1329916226
1331709026
1332181419
1332654924
1333022435
1333299086
1333840491
1334575067
1334589268
1334709684
1335193188
1335467677
1336313305
1336770376
1337633921
1337684777
1339379146
1339436191
1339839795
1340978598
1341215034
1341575259
1342178892
1342355343
1342424696
1342573741
1343120659
1343235627
1343409091
1344127343
1344267871
1344948973
1345127451
1346178950
1346835091
1347601925
1348186193
1349125404
1349195093
1349275695
1349557837
1350073967
1351066730
1351109666
1351343798
1351348417
1351567716
1351614845
1351664810
1351846826
1351913646
1353003915
1353280164
1353375540
1353536943
1353724688
1353984853
1354812834
1355074400
1355682411
1357138066
1357519001
1358619368
1358838564
1359734574
1359900978
1359939414
1360448375
1360971489
1362340163
1362432857
1363113849
1363379255
1364087142
1364187262
1364606996
1364696968
1365748913
1366034043
1367722186
1368207119
1368341132
1369428284
1370481801
1371076618
1371360871
1374186817
1374307854
1374349745
1374868999
1375450619
1375835829
1375919008
1377063199
1377817459
1377961282
1378766714
1379114600
1379325715
1379403274
1379958113
1380659337
1380937062
1381039722
1381638653
1382222190
1382386193
1382410367
1382898023
1383039325
1383889924
1384109176
1384518805
1384579615
1384610069
1385337643
1385360264
1385482010
1386062377
1387296933
1387519022
1390070833
1390410294
1391164968
1391349977
1392124123
1392634557
1392746803
1392910795
1392955771
1392959779
1393110981
1393476121
1393644808
1394559573
1394648317
1394941283
1394945119
1395944126
1396008295
1396104924
1396127178
1396459538
1396641666
1397465829
1397543336
1399128249
1400037578
1402612593
1403207441
1404033683
1404219586
1404385395
1404724653
1405206263
1406624440
1407064083
1407090344
1407557081
1408406424
1408928828
1411125358
1411534437
1411963251
1412377357
1412580225
1412875994
1413691595
1414215272
1414256926
1414444600
1414479326
1414682253
1416234892
1416246208
1416273106
1416603554
1418043922
1418054312
1418230043
1418762788
1419217049
1421177494
1421462622
1421800671
1422423409
1422618519
1424518085
1425991340
1426688399
1426758312
1427235012
1428500055
1428772980
1428955693
1429241748
1429630422
1429692811
1429858307
1432158435
1432536182
1432667681
1433697098
1434458096
1435028323
1435341642
1435542715
1435583753
1435817827
1435969058
1436461594
1436590111
1439053262
1439352872
1439785342
1440979310
1441704438
1442783985
1442825868
1442834345
1443251137
1445528324
1445720863
1445767015
1445875304
1446415610
1447175518
1447578882
1447626710
1448632052
1448790734
1448923844
1449850709
1450637304
1451839825
1452044261
1452356074
1452859856
1454933245
1454935265
1455135769
1455423907
1455687664
1456036118
1457024563
1457067368
1457148457
1457580965
1459305260
1459959405
1460672689
1461196856
1461414763
1461742719
1463429166
1463517243
1464925411
1465263101
1465778342
1465844360
1466979409
1467662419
1468568766
1468972208
1469536875
1469682281
1470394377
1470504830
1471187883
1471259802
1471983349
1473648058
1474074807
1474094919
1476581806
1477258912
1477987357
1477997086
1478364682
1478670632
1479386562
1479388313
1479920293
1480008519
1480592100
1480645457
1481441799
1481506996
1483755493
1484052732
1484110849
1484286134
1485119728
1485333983
1485554539
1486379545
1487517892
1488982633
1489756759
1491691784
1491774282
1491790739
1491925690
1492608053
1493710276
1493726143
1495058002
1495725853
1496698502
1497646703
1497801536
1498051198
1498137020
1499842066
1499876146
1500008404
1501493230
1501889408
1503237889
1503407704
1503434606
1503890965
1504731390
1505127262
1508134981
1508161056
1509028752
1510253435
1510631970
1510953425
1513311630
1514746631
1517077706
1519511837
1520578759
1520657592
1520801560
1522508955
1524015247
1527910400
1528926954
1529892228
1531435727
1531820846
1532797580
1532829265
1534266436
1534409952
1536174798
1536479244
1538855617
1540836631
1541271718
1543456827
1543662401
1544344191
1544620292
1544893396
1546203611
1550036680
1551040417
1554310691
1554611070
1555980258
1556916807
1558405407
1558560428
1558779055
1564667030
1564689296
1565977542
1568033509
1568548118
1568629773
1571043924
1574992887
1575176106
1575229583
1575381907
1575461910
1575592258
1576744525
1577146315
1578837651
1578972187
1579188466
1580871204
1581414860
1581994700
1583790391
1584259868
1585497491
1586336315
1586630642
1587492896
1588254978
1588879278
1590160374
1592085613
1593351303
1593635382
1594928656
1595320979
1595511836
1597502310
1597604544
1599524292
1599539112
1600235313
1600239986
1600909504
1601115786
1602286896
1602409911
1603956315
1604289908
1604310156
1604419497
1606218779
1607239720
1608180749
1608436748
1608736514
1608952396
1609465664
1612084594
1612491785
1613827642
1613952102
1614537573
1615437887
1615665919
1615904355
1616607968
1618502246
1618713668
1618908754
1619544561
1619552719
1621748899
1621845416
1622365118
1622427553
1622902613
1623163408
1623503276
1623681272
1624494983
1624828504
1627276856
1629963817
1630517436
1631214458
1631304943
1631356499
1637910166
1638049930
1638352243
1638410397
1640116270
1641372314
1642400288
1642921703
1644555195
1645021396
1646029646
1647461259
1647636340
1648641236
1648973710
1649251425
1653072709
1653125909
1653780741
1653897182
1654842858
1656143308
1656292601
1656736139
1658277736
1658436324
1659590433
1659674358
1660401207
1661046305
1661333209
1661627681
1661818788
1662304762
1662446408
1663121142
1663700716
1664539518
1666288503
1666704557
1666719195
1666766298
1666850561
1666886096
1669376098
1669693846
1669959261
1670837512
1671131577
1671485745
1672027805
1672633370
1672779277
1677881102
1678911862
1679639815
1680971909
1681097984
1682342624
1682519840
1684692084
1684968753
1686225861
1686824566
1688228959
1689228610
1689261666
1689698089
1689817779
1690060120
1690421965
1691692585
1692016333
1693844623
1694155961
1694343734
1694751476
1695328132
1695387354
1695874505
1696558653
1698091045
1698113973
1698172523
1698456908
1699848311
1700186346
1700305679
1701296589
1702662061
1703779981
1704240217
1704496115
1705743207
1709023341
1709138867
1710250235
1710566440
1710871430
1711414205
1712506694
1713742678
1713958763
1713994518
1716147704
1717840286
1718173757
1718447551
1718480620
1718558099
1720830435
1723431495
1723974504
1724659888
1724889504
1727756291
1727829817
1729173516
1729201021
1729351440
1729835805
1730132036
1730337960
1732054801
1732845250
1734424479
1734842001
1735033183
1735131562
1735340534
1736422481
1736448502
1737030843
1737228478
1738080756
1738104952
1739579034
1740081413
1740942613
1742860640
1743511204
1744745694
1744950448
1745730923
1745808760
1746097243
1747713454
1747774489
1750320454
1751624078
1752948964
1753268308
1753668262
1753672846
1755929271
1756917831
1757385924
1758694225
1761825171
1763646474
1763893071
1763984696
1764402073
1764456928
1765454717
1766245142
1767790040
1768251675
1768399853
1769024803
1769221429
1769232265
1770455854
1771490067
1771577909
1772971263
1773737329
1777240038
1777316550
1777521290
1778218141
1778432283
1778822933
1779509763
1780424382
1781324597
1782517135
1783923803
1787283007
1787772314
1789047834
1789168687
1789657518
1790238296
1791998675
1793049974
1793460169
1794097838
1794259092
1794436140
1795705250
1796179597
1796343700
1796448945
1797694568
1798380487
1799697877
1801638077
1802623077
1802850405
1802864517
1803187522
1803356581
1806625330
1806745628
1807011999
1809089150
1810441633
1810672210
1811044118
1811453019
1812124802
1812941995
1814090611
1814121829
1814765811
1814943188
1816388077
1816593786
1818240753
1818573091
1818898416
1818924721
1819791759
1821356056
1822056349
1822283512
1823443864
1826712802
1827222922
1827792962
1827815739
1828816547
1829489055
1830183927
1832122639
1832356286
1835473820
1836887654
1837673698
1838472279
1840424713
1841298659
1843228279
1843581142
1845512533
1846879199
1847439167
1848837321
1850266401
1853403779
1853522675
1853638047
1853835818
1854309053
1855561546
1855788704
1855967205
1856818460
1856909554
1858388083
1858718031
1859218959
1859294758
1860773945
1860940178
1861798783
1861961545
1862904199
1864655641
1866279111
1866328113
1866607395
1866670919
1867075126
1867253167
1867655480
1870806629
1872046340
1872940815
1874977382
1875191359
1875403904
1875836844
1876412028
1876671676
1878242621
1879241712
1880513412
1880985316
1882755231
1882765830
1882836330
1882846439
1885794495
1886917844
1889599034
1890477024
1892763293
1893076662
1894007395
1894321419
1895203018
1896179646
1896859788
1897648268
1897970744
1898425631
1898873928
1900934688
1901604137
1903407376
1904810509
1905056694
1905442168
1905555923
1906712388
1907147492
1907681106
1910644443
1910686738
1910965518
1911015094
1912081930
1913261402
1913273714
1913691867
1914174326
1914522384
1915034505
1915378084
1915677939
1917603733
1919845103
1920923989
1922871279
1923512906
1924296893
1924428245
1925460733
1925469926
1925524940
1926471745
1926883611
1928407103
1929831652
1930205244
1931835842
1932965530
1933160145
1933446344
1934501035
1935633227
1936013340
1937331283
1938330856
1938671288
1938937506
1939644341
1939899896
1940572165
1940675306
1940872199
1940872251
1941233419
1941302476
1941531398
1942348501
1942431267
1944047023
1945389819
1946299393
1947036926
1948034044
1948209691
1949580700
1951574117
1951614730
1953977998
1954513847
1954908151
1955404636
1957003026
1957296598
1958134567
1958441932
1959923506
1962734242
1964822378
1964851002
1964954321
1966040579
1966381290
1966804280
1967079552
1968027896
1968488317
1969045145
1970202575
1971041248
1971687826
1973317364
1974150593
1975048269
1975048716
1975764192
1979327136
1982769501
1982898266
1983062711
1983791734
1984281660
1985333701
1986576922
1986721209
1987032868
1987154517
1987696533
1989341522
1990305954
1990493903
1991359842
1991848083
1992430020
1994981755
1995374499
1996766654
1997484100
1997641886
1998217781
1999194570
1999380384
1999677783
1999895657
1999929426
2001531453
2001817210
2002517443
2004469283
2004573686
2005593945
2006372323
2008469418
2009128123
2009883269
2010383406
2010896563
2011190033
2012378890
2012397816
2012938514
2015282465
2015300452
2015950363
2019269108
2022218325
2023268193
2023305485
2024663146
2026094103
2026760113
2027126471
2027755747
2027811853
2030278275
2031390440
2031560348
2031692317
2031806771
2032181604
2034798055
2035329523
2037912723
2038769960
2042930575
2045567335
2046652678
2047453664
2048192044
2054844862
2055333107
2056466625
2058319978
2059573475
2059709187
2060929109
2063214351
2065347128
2066069081
2066100476
2066118110
2067903361
2068296342
2068926558
2069325868
2070670126
2074003551
2074013332
2074474201
2075505178
2078621633
2080064747
2081770592
2082461785
2083323268
2084402939
2085554079
2088670907
2090713572
2091246978
2091908885
2092530523
2093268457
2093692810
2094013890
2094138456
2094171488
2094352550
2094539542
2097563472
2097913875
2098654122
2099125068
2099595739
2100342618
2100532877
2101051326
2101142252
2101435962
2102311429
2102545165
2102934245
2103017464
2103149648
2103510911
2103787018
2103847419
2105172245
2105526537
2106715098
2107362812
2108472651
2110912983
2111737948
2112291794
2112321402
2112615740
2114155388
2114217528
2114615433
2115264732
2115279434
2115472996
2115674238
2116078460
2116656220
2118187233
2118897435
2119167053
2119713601
2120536400
2121072311
2122472135
2123182173
2123323807
2124082210
2124723832
2125607141
2125783218
2127241001
2127477190
2127869134
2128643435
2128720400
2128760016
2128797004
2128893248
2129305903
2129887712
2130532923
2130872341
2131211158
2131246148
2132615380
2132799933
2132906128
2133166238
2133852847
2135305241
2135421684
2135528740
2136718070
2136768429
2136827278
2138702506
2140511042
2140531957
2140583477
2141103521
2141219756
2141397292
2141803733
2142499374
2142702116
2143129860
2145339681
2146611624
2147393861
5000904671
5001893033
5003036786
5005175313
5005494058
5005826820
5008716341
5009636846
5011461497
5011956605
5013283820
5013337599
5014984961
5016123382
5018628261
5018676601
5018679500
5018794705
5019461329
5019692426
5019710992
5020324447
5021055949
5021772523
5022887274
5023647879
5023727839
5023914052
5024982553
5026634529
5026937170
5027022616
5027084702
5028688176
5029073280
5029918174
5029944718
5030001970
5030777060
5031570623
5031830994
5033668231
5035148510
5035208986
5036038442
5036186450
5036447137
5036995369
5037563426
5037809424
5037855681
5038552806
5039058962
5039183258
5039386713
5039768705
5039800503
5040171052
5043383788
5044469765
5044651073
5047088208
5047628002
5049658923
5049718890
5049983899
5050250240
5050789968
5050828142
5051087966
5051685212
5052011194
5053442056
5054140397
5054224760
5055130129
5055920792
5056749064
5057833314
5057875029
5058011033
5058399039
5058850494
5060595777
5061109145
5061153448
5061781782
5062010736
5062126890
5062460504
5063303604
5064942486
5065150136
5065165923
5065287965
5067451049
5067699519
5069051798
5069191036
5070362468
5070878142
5071972263
5072537619
5072780865
5073923553
5074036724
5074471937
5077258399
5077739231
5077948226
5079217559
5079624732
5080894060
5081302157
5081976235
5082624677
5083945438
5084244328
5084275703
5084987576
5085513995
5086524833
5087389737
5087711607
5088326926
5088495770
5088812507
5089311212
5089822194
5091247318
5091688507
5092364089
5092378033
5093373979
5093504942
5094334191
5095502980
5096564508
5098398038
5098450442
5098772995
5098849749
5098920222
5100204812
5100402105
5100438283
5100638026
5100813880
5102228848
5102239974
5102958400
5103538252
5104177268
5104951677
5105205568
5105390733
5105527136
5105881497
5106327746
5106707900
5107075886
5107318427
5107910625
5107975737
5110602443
5111383753
5111724422
5112691835
5114062759
5114533745
5116365976
5116658472
5117631278
5117643430
5117905191
5118274315
5119168033
5120691028
5120888733
5121859314
5121987136
5122024042
5122328678
5122355205
5122765502
5123466334
5123969082
5124063814
5124437224
5124686386
5125483900
5125612971
5126160456
5127612607
5128251093
5128738691
5128808934
5129121305
5129328647
5129468746
5129680460
5130064570
5130307382
5130376626
5133506251
5133969491
5134083425
5134747375
5135309583
5135413054
5135680389
5136682950
5137104157
5137360181
5137609542
5138581014
5138672094
5138836209
5139160817
5139226610
5140897371
5141268337
5142296671
5142470252
5143285675
5143951270
5145246568
5145256774
5146721407
5147825926
5148760389
5148841321
5149542012
5149821625
5149859863
5149955740
5150005992
5150685408
5150918904
5151295610
5151311649
5151343037
5152435432
5152765522
5152832273
5153251503
5153845562
5153956911
5154597862
5155064992
5155613650
5156719746
5157131100
5157517557
5157676979
5157838094
5159396383
5159420074
5159876287
5160217763
5160324605
5160586133
5160787282
5161489288
5162116321
5162656306
5162980359
5163333104
5163688775
5163691685
5164029415
5164465545
5164476062
5166223106
5166270671
5166464637
5166827196
5166916432
5169628590
5169845518
5170402091
5170584433
5171449024
5171815072
5171890328
5172049156
5172262576
5172637009
5173045444
5173185577
5173232699
5173406758
5173627251
5174254297
5174683243
5175322283
5175515013
5176290564
5176429897
5176858580
5177270597
5178332935
5179070881
5179197353
5179719892
5180528030
5180837383
5181809979
5181843239
5182703205
5183789936
5186904430
5187917822
5188156611
5188797732
5188962219
5189150736
5189869380
5190602865
5190685410
5190718562
5191342767
5191572231
5192699473
5193118708
5194011970
5194671804
5195380878
5196433349
5196518069
5196971555
5197443183
5197446808
5197740908
5198623296
5198885277
5199048927
5199538919
5199839698
5200251781
5200624937
5201468096
5201749515
5202475667
5202821667
5205785677
5206022481
5207279720
5207328416
5208057933
5208124309
5208702872
5209205187
5209757259
5210142001
5210244374
5210991647
5211343617
5211516627
5211705841
5211946866
5213783137
5213964726
5214955339
5214978542
5216047599
5216313883
5218127842
5218240477
5218561842
5220303822
5220509173
5220807079
5221454590
5222260893
5223981266
5224283993
5224842906
5226635429
5228289686
5228538774
5228676653
5228880641
5229620163
5229659196
5230829631
5231199334
5231796128
5232036697
5232051872
5232648536
5233701091
5234331667
5234572232
5235323097
5235659552
5236824257
5236845957
5237544791
5237906214
5238360855
5238598585
5238788270
5239341307
5239815808
5240206413
5241029640
5241725109
5242158797
5242467071
5242657162
5242826815
5242965007
5243022861
5243456618
5245093970
5245176650
5245269023
5245300667
5245424893
5245559688
5245615235
5245789333
5246083778
5246201386
5246353830
5246839941
5246880819
5246930458
5247396758
5247657626
5247838132
5247951222
5248602236
5248603224
5248881655
5249576800
5251011956
5251762272
5251943773
5252023170
5252114507
5252662076
5253153797
5254072045
5254925998
5255263425
5255325797
5255578580
5255659755
5256359564
5257242450
5257945186
5258261010
5259920744
5260900857
5261259219
5262752126
5262931755
5263054026
5263644528
5263663923
5265271694
5266262702
5267282199
5267443235
5268181855
5268276309
5268926749
5269200510
5269216325
5269579782
5269680845
5270056598
5270176219
5270242289
5270363954
5270802302
5270901998
5271079600
5271782183
5271846637
5272114264
5272771703
5273583572
5275007509
5275106082
5275280121
5275772509
5276016195
5276074991
5276085056
5276392740
5276470155
5276789340
5277621784
5277919982
5280022692
5280214034
5281209606
5281522682
5281936003
5282188230
5282228235
5282969148
5283397984
5283427516
5283575477
5283912586
5284974306
5285104269
5285692424
5285796018
5285820714
5286474866
5286555564
5286715552
5286899816
5287107182
5289138314
5290515716
5290632314
5290802562
5290862787
5290988679
5291634852
5291731718
5292247858
5292798042
5293031696
5293112575
5293141864
5293179689
5293722457
5294872281
5294999986
5295431165
5295632809
5296464307
5296645828
5296963389
5297175468
5297555713
5297671450
5298754110
5299904071
5299952245
5300286463
5300347886
5300588512
5300661524
5300843027
5300881987
5301007077
5301011344
5301352477
5301781722
5302027908
5302357087
5302381795
5303189677
5303250959
5303254472
5303957833
5304272885
5304447536
5304573501
5304620529
5304627484
5304841116
5305500142
5305606277
5305978462
5306740904
5307313057
5307439614
5307664850
5307761628
5307781320
5308270108
5308737546
5308761325
5308775291
5309005652
5309123014
5309566588
5309666034
5310309143
5310567492
5310611295
5310892469
5310988468
5311065794
5311133986
5311151563
5311495483
5311521208
5311583262
5311610270
5311775201
5312188664
5312419105
5312482348
5312597853
5313708629
5313797683
5313827565
5313962214
5314341621
5314371860
5314884527
5316223545
5316430652
5317177501
5317230774
5317882822
5317884220
5318025396
5318267655
5318455365
5318564592
5318812665
5319323926
5319355012
5319383721
5319643334
5319689573
5320225054
5320376246
5320512562
5320515794
5320562816
5321106056
5321310920
5321380255
5321749568
5322084963
5322471764
5322618020
5322873633
5323371389
5323443210
5324543706
5324791935
5325794641
5325918513
5326267025
5326653674
5326711634
5326889344
5326954495
5327329719
5327441257
5327577469
5327601925
5327697605
5328340529
5328365735
5328435362
5328446545
5328685764
5329257408
5329388272
5329604997
5329973941
5330027544
5330098224
5330159574
5330380504
5330381776
5330564049
5330647994
5330825225
5331121141
5331142291
5331565123
5331606654
5331655702
5331778071
5332282429
5332329993
5332947283
5333488320
5333994656
5334665228
5335285841
5335663240
5335966379
5336160378
5336903722
5337619618
5338031366
5338230140
5338315398
5339093812
5339141878
5339764385
5339767117
5339835068
5341291248
5341751168
5341775546
5342091563
5342170665
5342194246
5342305432
5342788491
5343543701
5343573299
5343835390
5344090067
5344293466
5344373345
5344550864
5344620668
5345184642
5345440536
5345475713
5345609654
5345732921
5345745361
5345770112
5346035072
5346689911
5347301793
5347432086
5347446022
5347545726
5347547967
5348125023
5348139707
5348394188
5348824166
5348962338
5349296348
5349491803
5349598346
5350223821
5350422488
5350559413
5350803292
5351165335
5351530298
5352386110
5352601338
5352656540
5353324657
5353601036
5353978078
5354500683
5354723131
5354776702
5355445792
5355496192
5355700910
5355794923
5356299164
5356495115
5356631499
5356641881
5356848967
5357458088
5357517566
5357634005
5357735801
5358126228
5358176601
5358737238
5358767078
5358814796
5359026667
5359200984
5359566823
5359680210
5360214847
5360234672
5360338918
5360410974
5360547319
5360725824
5360920610
5360922541
5360929823
5360958001
5360984983
5361189448
5361415834
5361519145
5361953530
5362495061
5362721270
5363301040
5363475284
5363664836
5363725740
5363977763
5364385378
5364392789
5364414620
5364604430
5364712838
5365085818
5365200934
5365465525
5365889251
5366251445
5366258578
5366648675
5366750578
5366938912
5367010775
5367127336
5367164669
5367184167
5367405256
5367572005
5367651162
5367935220
5368328625
5368693296
5369279375
5369383279
5369560742
5370007956
5370577530
5370917623
5370968739
5371329045
5371387577
5371492591
5371762810
5371765305
5372694519
5373242314
5373572482
5373587874
5373716318
5374391559
5374521737
5374568024
5374585445
5374767641
5374937330
5374991606
5375435063
5375572749
5375819209
5375946741
5376231571
5376284180
5376292542
5376356880
5376465243
5376474352
5376497380
5376727879
5376761600
5376777934
5377029452
5377719747
5378287615
5378368801
5378564127
5379049347
5379160308
5379406852
5379412614
5379597040
5379865006
5379876174
5379886348
5380236045
5380239528
5380244122
5380689332
5380798161
5380852951
5380920993
5381501084
5381542908
5381749216
5382033291
5382040481
5382462083
5382725303
5383123064
5383232965
5383368454
5383590773
5383664920
5383698197
5383823765
5384012939
5384123440
5384182346
5384210540
5384751720
5384753774
5385195148
5385648057
5385840399
5386483450
5386561852
5386813600
5386839255
5386897498
5387218909
5387754151
5388550242
5389309962
5389379466
5389473703
5389840284
5389958129
5390115123
5390232709
5390241025
5390645736
5390722160
5390776577
5391281815
5391399471
5391810625
5391822172
5392245879
5392286032
5392339332
5392895801
5392941972
5392976237
5393292506
5393330648
5393348586
5393451484
5393520613
5393890795
5393890934
5394031776
5394455943
5394550884
5394695270
5394872926
5395288563
5395385356
5395767076
5396120764
5396232969
5396346732
5396428728
5396565931
5396666248
5396905664
5397104746
5397196169
5397555958
5397559464
5397915511
5398295753
5398506486
5398760942
5398897329
5398983091
5398998458
5399076801
5399114390
5399256982
5399812769
5400068331
5400116370
5400322803
5400463345
5400590062
5401003845
5401012428
5401226416
5401336521
5401705943
5401842605
5402157247
5402294038
5402455193
5402499264
5402604423
5402655445
5402670657
5402708147
5402802955
5402803651
5403244065
5403257540
5403379587
5403654983
5403926754
5403928103
5403999886
5404081199
5404099660
5404159347
5404272749
5404367136
5404473055
5404769471
5404794527
5405215688
5405287336
5405400369
5405560119
5405582819
5405734037
5406068652
5406190086
5406524567
5406539661
5406699269
5406999358
5407017294
5407176518
5407407751
5407564362
5407635702
5408077439
5408231123
5408494362
5408582358
5408620386
5408796791
5408851227
5409085805
5409263673
5409335330
5409427942
5409696966
5409794727
5409959648
5410278552
5410284761
5410390594
5410583939
5410873612
5411047383
5411188179
5411569027
5411670781
5411784246
5411835518
5411943166
5411967899
5412295732
5412561431
5412649917
5412661419
5413100951
5413138858
5413197050
5413274394
5413482188
5413486785
5413508879
5413623289
5413657768
5413773794
5414081355
5414151270
5414393363
5414509440
5414545919
5414693107
5414721556
5414778242
5414796376
5414998194
5415173597
5415376350
5415432513
5415468693
5415571210
5415573131
5415627845
5415679697
5415764349
5415808683
5415971980
5416011676
5416012897
5416124677
5416373786
5416700919
5416917886
5416961663
5416975074
5417047527
5417072716
5417191002
5417341573
5417408618
5417590905
5417607443
5417655648
5417791398
5417941996
5418112381
5418208557
5418289158
5418463072
5418478589
5418500580
5418586275
5418699235
5418820531
5419062831
5419102169
5419211054
5419572040
5419754493
5419781933
5419797629
5419891157
5420205588
5420472378
5420546181
5420833501
5420888406
5420941518
5421050774
5421261480
5421608287
5421613155
5421643217
5421652194
5421654566
5421663592
5422311236
5422454708
5422783065
5422832210
5422844248
5423083968
5423104934
5423320983
5423418780
5423422666
5423555128
5423579661
5423878410
5423923211
5423927734
5423955929
5424087687
5424091758
5424234538
5424382231
5424434640
5424591213
5424714334
5425104249
5425217384
5425292898
5425334646
5425427870
5425634830
5425684632
5425702437
5425763198
5425768551
5426082927
5426085847
5426117486
5426147063
5426243191
5426280583
5426429600
5426727865
5426904100
5427052585
5427188611
5427228842
5427393280
5427410185
5427554585
5427718117
5427866409
5427977128
5428021600
5428172403
5428174786
5428361947
5428402895
5428808377
5429086728
5429119732
5429129721
5429202445
5429356234
5429356958
5429379303
5429379970
5429432266
5429475500
5429557144
5429726311
5429863178
5429915896
5429945075
5430231013
5430256755
5430597669
5430743685
5430825056
5430979087
5431342417
5431690224
5431990004
5432121383
5432137612
5432372363
5432425752
5432619729
5432630685
5432684933
5432731980
5432913357
5433186586
5433230551
5433263317
5433379625
5433560345
5433727928
5433855941
5433887281
5433951503
5433986325
5434228242
5434491745
5434540338
5434708287
5434838479
5434956422
5435170942
5435186148
5435205542
5435526700
5435870713
5435899521
5436011142
5436021181
5436067052
5436078304
5436101048
5436144623
5436198744
5436430988
5436573241
5436664483
5436722095
5437130143
5437427319
5437732819
5438014277
5438166386
5438200146
5438386606
5438415101
5438548179
5438729298
5438858240
5438951773
5438986580
5439153146
5439467516
5439481144
5439628406
5439661576
5439661597
5439663381
5439699724
5439802635
5439929563
5440011688
5440047743
5440169129
5440326966
5440512197
5440830163
5441084529
5441262539
5441443985
5441472690
5441784276
5441794864
5441853886
5442092253
5442271590
5442330298
5442501082
5442739823
5443371682
5443570476
5443589394
5443696045
5443822285
5444017456
5444027855
5444146269
5444579594
5444674427
5445024863
5445292141
5445309004
5445550526
5445564208
5445754934
5445848528
5445874935
5446021179
5446135102
5446288598
5446303865
5446400503
5446433419
5446546567
5446608636
5447222646
5447330880
5447335038
5447486830
5447577354
5447624861
5447642848
5447827005
5447942993
5448278420
5449385362
5449525231
5449539590
5449646911
5449863497
5450004809
5450044531
5450083916
5450262824
5450656311
5450670082
5450676474
5450785793
5451102515
5451240445
5451358795
5451395827
5451494366
5451619823
5451891782
5452019938
5452148960
5452210450
5452428584
5452740180
5452768239
5453072463
5453224947
5453526078
5453732540
5453957384
5453975743
5454040866
5454136376
5454200934
5454253447
5454615918
5454662553
5454748320
5454775424
5454881562
5454904105
5454927274
5454985120
5455162210
5455664568
5455668961
5455675922
5455803340
5455827020
5455908872
5456104925
5456293744
5456397102
5456402881
5456480815
5456509813
5456824444
5456921471
5456999687
5457259362
5457300512
5457319334
5457355018
5457468080
5457544929
5457696826
5457955971
5458194176
5458495675
5458866269
5458959712
5459019948
5459190729
5459253159
5459308742
5459499029
5459868528
5459885328
5460022024
5460343134
5460359577
5460503617
5460617629
5460665077
5460792081
5460837729
5461107172
5461336698
5461425919
5461470480
5461486352
5461486771
5461515792
5461594663
5461993607
5462191414
5462309439
5462469229
5462476227
5462684943
5462884701
5463169970
5463197647
5463214686
5463560320
5463561268
5463659534
5463715305
5463791128
5463860305
5463987455
5463995619
5464208897
5464216981
5464252645
5464576516
5464926630
5464950967
5465189499
5465426568
5465443033
5465456596
5465598496
5465716763
5465895930
5466032719
5466155127
5466239075
5466286073
5466290371
5466360384
5466600092
5466747783
5466895809
5467105072
5467212651
5467272707
5467351177
5467519047
5467754658
5467820470
5467859146
5468085991
5468207155
5468257873
5468554731
5468663222
5468838341
5468845617
5468880700
5469083013
5469224217
5469303233
5469329015
5469357085
5469468361
5469608345
5469969878
5470067268
5470169450
5470173254
5470327947
5470402852
5470460224
5470619510
5470652187
5470781205
5470871243
5470876580
5470921019
5471002255
5471063089
5471209470
5471210193
5471288858
5471407742
5471410314
5471540231
5471650396
5471703115
5471844681
5471910711
5471927143
5472186999
5472236750
5472704171
5472747134
5472831069
5473236248
5473425443
5473428234
5473436066
5473569149
5473672354
5473709811
5473862330
5474019917
5474213226
5474335390
5474436145
5474447733
5474582276
5474606823
5474703603
5474848140
5474891185
5474956422
5474958303
5475034535
5475478211
5475679692
5475738406
5475885773
5476039367
5476067222
5476109770
5476167244
5476438684
5476789021
5476969147
5476978903
5477030495
5477199894
5477232020
5477233009
5477482939
5477565426
5477705351
5477830635
5478224135
5478437598
5478498650
5478668546
5478805358
5478900608
5478939535
5479351983
5479358247
5479390890
5479659308
5479862884
5480175396
5480263307
5480662178
5480836438
5480861442
5481028170
5481274148
5481301010
5481395175
5481729122
5481822154
5481910681
5482136349
5482817964
5482820966
5482852184
5482907489
5483115135
5483508768
5483733777
5483898169
5483971541
5483975068
5484155552
5484295992
5484405776
5484530730
5484853278
5484854569
5485029653
5485315055
5485338599
5485370044
5485496470
5485698418
5485744183
5485853159
5486207715
5486338710
5486498620
5486799568
5487108949
5487145135
5487515271
5487579010
5487983240
5488022581
5488093500
5488101129
5488218197
5488311307
5488311838
5488348576
5488371241
5488401636
5488626652
5488666355
5488726462
5488880027
5488891232
5488913759
5489389830
5489538507
5489540711
5489548971
5489617480
5489695926
5489702976
5489848787
5490318791
5490396248
5490621632
5490692215
5490760779
5490791751
5490833843
5491460710
5491802025
5491816937
5491859116
5491943136
5491993738
5492021537
5492040279
5492230948
5492320485
5492439819
5492531127
5492627607
5492779127
5492867111
5493122339
5493169296
5493283457
5493543620
5493602704
5493672731
5493675880
5493765498
5493834324
5493855313
5493871518
5494046654
5494468956
5494566706
5494679434
5494760924
5495043533
5495068205
5495086515
5495094688
5495280088
5495394107
5495488599
5495508080
5495859712
5495954306
5496071681
5496092492
5496190606
5496285230
5496317546
5496386002
5496643717
5496807397
5497124677
5497320560
5497352326
5497852917
5497864811
5498096676
5498382832
5498453659
5498744779
5498804227
5498841282
5499010330
5499272579
5499298854
5499413788
5499423626
5499458834
5499461532
5500199521
5500238357
5500258312
5500761661
5500819849
5500952181
5500988387
5501046823
5501065054
5501186233
5501189135
5501261422
5501378894
5501432370
5501547159
5501682620
5502069090
5502424984
5502686043
5502800112
5502857629
5502955049
5503064129
5503109344
5503324554
5503385120
5503564430
5503639271
5503804767
5503874781
5503976153
5504067161
5504104809
5504123459
5504254989
5504337806
5504516819
5504595345
5504735695
5504778655
5504949234
5505096075
5505228306
5506224032
5506302288
5506360938
5506361361
5506407714
5506572984
5506582513
5506803437
5506836804
5507075188
5507137867
5507341301
5507558489
5507587419
5507700874
5508408997
5508503303
5508605929
5508801871
5508836801
5508864357
5508878364
5508981350
5509020244
5509106155
5509289484
5509378874
5509615271
5510008984
5510010594
5510011784
5510123174
5510193355
5510371310
5510624967
5510882832
5510944728
5510972256
5511072003
5511156119
5511357399
5511408876
5511488038
5512162429
5512237295
5512241359
5512247225
5512559706
5512560616
5512650823
5513028807
5513030745
5513090852
5513221868
5513407881
5513529744
5513573840
5513677568
5513716994
5513725958
5513809589
5513851644
5513921574
5514011920
5514216562
5514362046
5514939951
5515034553
5515089556
5515102064
5515174056
5515200171
5515222521
5515441274
5515443645
5515489974
5515550876
5515558519
5515639874
5515688364
5515808380
5515825966
5515851557
5515870831
5515872959
5516001964
5516085394
5516268602
5516677728
5516749988
5516787739
5516790138
5516993038
5517003686
5517024462
5517320221
5517339055
5517544517
5517954609
5518028664
5518031024
5518063887
5518167519
5518241990
5518266838
5518449460
5518454740
5518568748
5518581302
5518649452
5519190138
5519366332
5519459543
5519522902
5520002281
5520078169
5520120874
5520150052
5520162370
5520472717
5520506650
5520732258
5520881558
5520977026
5521252047
5521438947
5521596698
5521787274
5521816244
5521882315
5521905457
5522025526
5522036178
5522140039
5522211976
5522294574
5522338668
5522424631
5522453583
5522675288
5522793706
5522911302
5523041377
5523218912
5523221672
5523371209
5523439207
5523453802
5523469469
5523568061
5524021916
5524195755
5524227038
5524230797
5524415858
5524475053
5524508413
5524628678
5524669473
5524728956
5525053388
5525390656
5525777367
5525916143
5526328892
5526375200
5526718430
5526745036
5526849880
5526865063
5527118892
5527641667
5527707903
5527786687
5527843292
5527894064
5527932983
5527984742
5528067470
5528402622
5528412311
5528424573
5528436035
5528637872
5528681189
5528694470
5528711294
5528725691
5529081728
5529193869
5529465244
5529639636
5529834691
5529909811
5530038452
5530121004
5530161504
5530351207
5530485123
5530758125
5530941717
5530961833
5531033283
5531078436
5531104271
5531110853
5531138852
5531383188
5531567347
5531704206
5531710119
5531823899
5531948272
5531961175
5531980914
5532028564
5532178498
5532218252
5532231767
5532561357
5532567088
5532635217
5532662784
5532792186
5532863868
5532890946
5533033698
5533282383
5533475549
5533515102
5533569833
5533755847
5533847982
5533975005
5534186406
5534309245
5534413650
5534816390
5534992991
5535029545
5535351491
5536056266
5536468645
5536468770
5536627840
5536845567
5536911730
5537045060
5537249433
5537406782
5537521488
5537832715
5538052635
5538057316
5538077728
5538261159
5538395162
5538478789
5538740271
5538752812
5538821141
5538953672
5539059850
5539108055
5539223151
5539515310
5539724384
5539759577
5539916186
5540094958
5540546139
5540568854
5540638280
5540724914
5540733854
5540836192
5540847377
5540884046
5541047041
5541098739
5541698666
5541848309
5541960772
5542203016
5542252253
5542283902
5542296090
5542298692
5542481120
5543013939
5543303654
5543478837
5543519003
5543650452
5543822880
5543975236
5544257084
5544484402
5544539386
5544621883
5544660122
5544854920
5544956031
5545038045
5545045573
5545380040
5545430503
5545510297
5545618453
5545655244
5545726065
5545876677
5545884584
5546029781
5546115539
5546165458
5546526829
5546795213
5546854072
5546895537
5547507521
5547665418
5548175270
5548297934
5548328859
5548703886
5548728608
5548947545
5549143811
5549433436
5549784755
5549817841
5550062021
5550126803
5550153504
5550211057
5550527113
5550603872
5550682373
5550788743
5550846266
5550920520
5551308395
5551461197
5551646072
5551801294
5551843126
5551849467
5551963554
5552042398
5552137646
5552412257
5552568099
5552872869
5552932692
5552991987
5553234175
5553503647
5553511024
5553692257
5553715854
5554152049
5554178249
5554231285
5554287436
5554320057
5554369703
5554541703
5554755374
5554846485
5555222201
5555980454
5556041549
5556069500
5556142483
5556214635
5556488867
5556555344
5556588600
5556697578
5556862362
5556933189
5557316935
5557591138
5558108769
5558177221
5558243782
5558301210
5558375641
5558489047
5558629700
5558871172
5559184786
5559215522
5559535827
5559538963
5559895324
5559904164
5560059093
5560159045
5560323106
5560461138
5560486909
5560605330
5561070360
5561071170
5561310795
5561332160
5561429576
5561587480
5561704435
5561868199
5562072680
5562256157
5562295200
5562540808
5562718670
5562725150
5562751553
5562831770
5562910630
5563165374
5563248574
5563385926
5563678132
5563730582
5563756443
5563756793
5563770835
5563884751
5563957921
5564158465
5564250543
5564554860
5564612529
5565008770
5565162023
5565358095
5565487314
5565591453
5566023371
5566203226
5566301509
5566477589
5566615716
5566742881
5566927691
5566998559
5567065537
5567143377
5567153703
5567329241
5567378735
5567581634
5567900149
5567975920
5568082444
5568200903
5568296638
5568463242
5568579482
5568719026
5569056885
5569162916
5569171491
5569370811
5569497601
5569683253
5569782558
5569855711
5570041934
5570232450
5570252552
5570309893
5570687714
5570703804
5570748691
5570751040
5571024708
5571248591
5571264515
5572043302
5572054555
5572152286
5572294942
5572373301
5572820730
5572948932
5573579650
5573700012
5573773707
5573813894
5574394185
5574459702
5574550836
5574718600
5574953427
5575051074
5575295549
5575453337
5575547386
5575592019
5575634525
5575666714
5575738369
5575937820
5575973466
5576034823
5576065587
5576145463
5576190417
5576509776
5576584553
5576589888
5576685141
5576803695
5576811070
5576829308
5576922730
5576965633
5577044522
5577062412
5577079767
5577165728
5577280138
5577283667
5577301327
5577336694
5577368966
5577696151
5577768349
5578039051
5578157962
5578159052
5578207865
5578212308
5578240977
5578401958
5578611930
5578640705
5578775750
5579005480
5579036012
5579109283
5579138949
5579140198
5579280240
5579523018
5579686250
5579697506
5579988414
5580108987
5580160758
5581081873
5581094591
5581198516
5581399855
5581544350
5581566185
5581661714
5581676121
5582008627
5582344366
5582451850
5582533260
5582555890
5582594649
5582795651
5582802373
5582890185
5582988702
5583243669
5583595348
5583896108
5583898984
5583934717
5584006180
5584065187
5584297127
5584442992
5584687781
5584821302
5584966803
5585019096
5585459386
5585483454
5585836596
5585879037
5585996396
5586033178
5586062394
5586094190
5586127746
5586231782
5586399458
5586715515
5586765473
5586847091
5586853979
5586861898
5587027183
5587163358
5587314547
5587358347
5587402086
5587474237
5587569380
5587585074
5587770508
5587835790
5587891019
5587991432
5588134982
5588162913
5588163326
5588483183
5588516763
5588643466
5588733427
5588883958
5589302258
5589352550
5589402809
5589508414
5589776369
5589781233
5589803597
5590016653
5590104368
5590342047
5590589945
5590598854
5590816221
5591317240
5591628750
5591758198
5591840524
5591878395
5591889668
5592417296
5592523731
5592818845
5592962773
5593393248
5593466366
5593471337
5593509606
5593581888
5593969144
5594218323
5594261438
5594536125
5594662853
5594762279
5594908298
5594985504
5595021170
5595045302
5595068782
5595113815
5595566495
5595935154
5596338810
5596647692
5596670280
5596681684
5596919468
5597172039
5597387248
5597489054
5597577959
5597838776
5597872097
5597892347
5597970542
5598194646
5598213528
5598228122
5598410880
5598475851
5598512654
5598761453
5598916521
5599125923
5599452297
5599638116
5599697932
5599810168
5599830798
5599926858
5600374898
5600733936
5601001816
5601313290
5601588864
5601793745
5601989679
5602105707
5602220307
5603262151
5603439991
5603473517
5603566744
5603606003
5603921878
5603930050
5604018260
5604399283
5604593193
5604847944
5604861275
5604991920
5605252112
5605558444
5605761562
5605902052
5605979104
5606005059
5606025191
5606188298
5606430285
5606448795
5606916227
5607060670
5607524664
5607591013
5607717815
5607905104
5608281240
5608394387
5608440898
5608789254
5608861932
5608881141
5609006257
5609096523
5609150912
5609426415
5610222731
5610500623
5610567201
5611037210
5611235528
5611303364
5611441311
5611569300
5612193260
5612802881
5612986217
5613349687
5613397024
5613613384
5613672573
5613682919
5613702494
5614058132
5614075227
5614159625
5614308247
5614419248
5614647246
5614770884
5615357151
5615426611
5615641208
5615812822
5615959296
5616126855
5616249060
5616452909
5616587024
5616701957
5617202132
5617270004
5617378931
5617476705
5617519160
5617940429
5618590327
5618919278
5619102640
5619533598
5619558024
5619841389
5619856797
5620235173
5620392422
5620481574
5620599837
5620895318
5621124679
5621188931
5621311880
5621327355
5621452484
5621559428
5621629322
5621701002
5622141421
5622228553
5622496217
5622527757
5622580880
5622871912
5623201859
5623258300
5623704182
5623842673
5624053355
5624403518
5624425713
5624787443
5624850639
5625594839
5625638048
5625745455
5625910228
5625917981
5625925457
5626005348
5626077837
5626193789
5626685568
5627419046
5627753619
5627873622
5627973065
5628106460
5628302126
5628524016
5628528789
5628571487
5629070176
5629077003
5629099951
5629324017
5629372549
5629668836
5629691023
5629913839
5629969475
5629998609
5630185215
5630511727
5630900128
5631097324
5631468541
5631636988
5631724724
5632008427
5632134443
5632143749
5632165183
5632194724
5632257647
5632302019
5633152034
5633421761
5633980734
5634746560
5634837810
5634872954
5635354880
5635409875
5635536593
5635553063
5635868434
5636213968
5636428933
5636494605
5636560988
5637006878
5637205527
5637465394
5637471394
5637603100
5637681415
5638105786
5638662417
5638873364
5638962486
5638984173
5639246643
5639247414
5639631805
5639893536
5639902525
5640506462
5640702232
5640714073
5640863460
5641123138
5642558316
5642633059
5642773504
5642930176
5642952972
5643085954
5643174397
5643489123
5643884779
5644034765
5644223968
5644250767
5644338525
5644397859
5644534844
5644534877
5644740625
5644819384
5644863722
5645071107
5645273304
5645362379
5645480606
5645680296
5645693420
5646257917
5646359785
5647125224
5647134031
5647150148
5647493681
5647495950
5647638154
5647932529
5648042441
5648103749
5648310888
5648846700
5648852696
5648963404
5649415767
5649587965
5649603567
5649693498
5649884492
5650039220
5650267284
5650556373
5650613701
5651238933
5651394745
5651569154
5651835374
5651845406
5651879847
5652514862
5652710301
5652751835
5652832721
5653366351
5653723975
5653752282
5653814987
5653820813
5655421796
5655431460
5656252906
5656378815
5656612701
5657266778
5657629537
5658124174
5658421758
5658711404
5658857382
5658977742
5659158824
5659463692
5659777692
5660139153
5660248383
5660436366
5660650371
5661637185
5661748218
5661973181
5662480904
5662534750
5663250119
5663309057
5663706886
5663924405
5663970258
5663999338
5664060433
5664209143
5664291075
5664767787
5664873135
5664913288
5665165734
5665436856
5665633782
5665658148
5667062720
5667157856
5667539390
5667553431
5668064220
5668099523
5668179138
5668408067
5668771116
5668994511
5669042339
5669061981
5669088547
5669133377
5669158938
5669241851
5669245758
5669367017
5669687452
5670309503
5670357461
5670615438
5671094557
5671458306
5672213277
5672573173
5673183356
5673205961
5673558705
5673920201
5674195108
5674268824
5674681602
5674740707
5675231150
5675805864
5676395478
5676474424
5676499671
5677399952
5677542348
5677619044
5677827213
5678063591
5678290398
5679016947
5679126676
5679232306
5679250888
5679459826
5679767773
5679856797
5680174281
5680280407
5680431213
5680635430
5680893252
5680977860
5681163151
5681182980
5681344223
5681489993
5681511526
5682162292
5682232472
5682982158
5683136470
5683641407
5683664025
5683834263
5684200110
5684738333
5684922538
5684950628
5685218448
5685425312
5685688689
5685830273
5685934622
5686350445
5686450230
5686644477
5686653085
5686748335
5686883036
5686926351
5687106616
5687816415
5688689030
5688690571
5688811457
5689025111
5689460500
5689495270
5689594906
5689620544
5690950428
5691077514
5691167643
5691530538
5691659955
5691978017
5692199630
5692683215
5692953905
5693490722
5693675412
5693930843
5693932206
5694033912
5694038195
5695113561
5695570816
5695732540
5695972136
5696340935
5696527717
5696883748
5697470327
5697492351
5697935250
5698128628
5698439616
5699188250
5699812576
5700054394
5700132729
5700334446
5700379674
5700627784
5701087565
5701124305
5701188443
5701230983
5701649818
5701769034
5701799378
5701827199
5701856973
5701999999
5702490181
5702548425
5703252783
5703427816
5703438715
5703466776
5703588051
5703827343
5703944122
5704217873
5704543720
5704839232
5705187226
5706672238
5707360127
5707443634
5708278503
5708902211
5709098055
5709326785
5709492061
5709559409
5709711829
5710002595
5710114327
5710131928
5710201275
5710286189
5710360346
5710427693
5710916021
5711086486
5711146406
5711154321
5711442568
5711704197
5711726340
5711836116
5711854516
5712007729
5712520160
5712673995
5712786989
5712873560
5712950043
5712975115
5713053647
5713362561
5713808855
5714078810
5714606772
5714654168
5714924410
5714927304
5714983931
5715091499
5715311528
5715375962
5715530821
5715638924
5715950377
5716122133
5716866078
5716960264
5717047740
5717733477
5717792329
5717820022
5718150832
5718387520
5718497421
5719027887
5719456641
5719559944
5719669502
5719762807
5719890195
5720208679
5720270509
5720547484
5720981903
5721057019
5721240208
5721658904
5721846633
5722012740
5722039405
5722180112
5722482173
5722721592
5722779146
5723002797
5723308578
5723456260
5723736079
5723847850
5724372411
5724893282
5725356202
5725388359
5725429997
5725463074
5725603499
5725650985
5725837564
5725994449
5726127054
5726207431
5726239905
5726316660
5726556153
5726659889
5726739095
5726790885
5726837218
5726882059
5726948057
5727250905
5727557092
5727575070
5727651767
5727798329
5727854961
5728040551
5728367951
5728540844
5728624607
5728743691
5728768433
5728870043
5728922020
5729619199
5729732340
5729749826
5730086457
5730196036
5730314065
5730339648
5730842291
5731205898
5731473119
5732004747
5732009654
5732060820
5732144422
5732233577
5732563613
5733073725
5733189754
5733293803
5733560196
5733610250
5733642312
5733729791
5733847317
5733867305
5734153417
5734613602
5734752630
5735111082
5735218091
5735912740
5736142392
5736380386
5736652080
5736713414
5736900383
5736988852
5737084344
5737324152
5737503262
5737663306
5737899702
5737914087
5737937229
5738018066
5738175061
5738184214
5738517799
5738669539
5738935681
5739011164
5739250815
5739258198
5739676456
5740021400
5740507653
5740836729
5741094711
5741202599
5741528527
5741601592
5741629111
5741934921
5742104723
5742420276
5742565613
5742859415
5742919910
5743361355
5743402374
5743612378
5743870597
5744002797
5744025151
5744156887
5744160468
5744265401
5744293424
5744811060
5744965494
5745112013
5745162672
5745409961
5745732361
5745853474
5746053434
5746272011
5746422941
5746684284
5746721092
5746742371
5746750978
5746779474
5747144960
5747279614
5747643107
5747815379
5747977474
5748476170
5748756749
5748965324
5749537893
5749658219
5750222261
5750281618
5750595298
5750963957
5751554559
5751584188
5751764612
5751830693
5751955076
5752563019
5752712470
5752781727
5753134044
5753911160
5754320659
5754600497
5754968194
5755124603
5755267916
5755401031
5755832358
5756450231
5756650897
5757067487
5757443785
5758044216
5758161230
5758453258
5758629530
5758640024
5758957004
5759357520
5759537050
5759602299
5759895991
5760026712
5760084856
5760495010
5760560335
5760787821
5761430475
5761918673
5762207642
5763005615
5763126674
5763167971
5763207759
5763403676
5763832675
5764164290
5764185480
5764188695
5764189542
5764206877
5764564857
5764932847
5765884667
5766224838
5766558258
5766781013
5766889489
5767109401
5767354700
5767473372
5767592411
5767921705
5768419928
5768458798
5768773814
5768932223
5769210817
5770195605
5770240146
5770356728
5770441552
5770522826
5770594129
5770718733
5770845265
5770977183
5770988559
5771119325
5771400348
5771598228
5772107225
5772212229
5772257449
5772357228
5772403538
5772696788
5772718114
5773739955
5773840929
5774271527
5774560045
5774619640
5774625557
5774740311
5774976626
5775038966
5775085019
5775282425
5775682401
5776099153
5776637631
5776918776
5776941391
5776971756
5777090590
5777512631
5778071606
5778082503
5778163350
5778187356
5778334998
5778570355
5778584137
5778732153
5778794429
5778841580
5778883848
5779096001
5779177844
5779536014
5779654507
5779838822
5780123684
5780258971
5780416856
5780737154
5780882224
5781020130
5782508523
5782587626
5782794450
5782992471
5783266385
5783285332
5783635808
5783673268
5783685939
5784575230
5784597459
5784781292
5785170563
5785416667
5785782493
5785911166
5786023297
5786099710
5786465654
5786557778
5787588546
5787714826
5788017725
5788608966
5788657662
5788670230
5788689360
5788832281
5788990541
5789166906
5789254357
5789364415
5789643837
5790563759
5790606154
5791214959
5791577093
5791879077
5791980293
5792412750
5792535015
5792640468
5793328128
5793330175
5793477816
5793826533
5793859387
5794234194
5794328567
5794344512
5795159123
5795233842
5795763291
5795815707
5795894858
5795897388
5795929123
5796009073
5796044245
5797179609
5798161411
5798340708
5798564559
5798689993
5798898359
5798985920
5799027613
5799372037
5799399816
5799488676
5799533903
5799537095
5799669173
5800264568
5800309268
5802081864
5802395039
5802532683
5803174963
5803680992
5804943587
5805073328
5806377808
5806886551
5807427602
5807461680
5808378330
5809408190
5810607022
5810671779
5810973451
5811323585
5811940943
5812055741
5812356248
5814310102
5814670800
5814797202
5816144749
5816297651
5816706321
5817708911
5818196751
5818550711
5819995799
5820209189
5820325077
5820334103
5822385283
5823108167
5823344808
5824623825
5824745705
5824849051
5824871141
5825157221
5827456252
5827901562
5829100641
5829895517
5830710912
5830747900
5831403584
5831407137
5831828319
5832152758
5832551562
5833187824
5834083979
5834952446
5835800860
5836987710
5837100543
5837104424
5837673330
5837882522
5838689877
5838994233
5839856832
5840545445
5841142534
5841506759
5841715281
5842481357
5842649159
5843243580
5843923633
5844195919
5844562801
5844907652
5845188693
5845822128
5846416916
5846612806
5847317372
5849048581
5849454280
5849803580
5850108599
5850145056
5850336396
5850725928
5850744133
5851591428
5852431280
5852494443
5852844916
5853085967
5853176245
5854838678
5855225971
5855576719
5855864915
5856006928
5856201251
5857671127
5859129272
5859137894
5859497371
5859714312
5861313467
5861498063
5861541910
5862253334
5863299220
5863480777
5863597792
5863612160
5863983781
5864124691
5865253763
5866390293
5866987481
5867507391
5868141952
5868568347
5870130464
5872628815
5875171783
5875539245
5876202202
5878251363
5878931040
5879036671
5879443587
5880778455
5880795609
5880929193
5881816441
5882188315
5882593005
5882687625
5883933232
5885097952
5885630396
5885727437
5887463928
5887794677
5888468444
5889473630
5890169589
5891145088
5891404479
5891513031
5892334266
5893224938
5893432356
5895096751
5895120865
5895670603
5895714105
5895985404
5896476365
5896556250
5898566616
5900131419
5900788704
5901848800
5901937349
5902184400
5902234535
5902380665
5902867879
5903817277
5903889188
5904741783
5905470777
5905580610
5905766351
5906068291
5906231409
5906533908
5907481822
5907713483
5908315572
5908461477
5910256408
5910773568
5911121776
5911264080
5911401846
5913132910
5915008534
5915645676
5915950624
5916056863
5916208244
5918457184
5918893230
5918990169
5919374096
5919411649
5919854270
5919863503
5921688656
5921935164
5923846179
5924087095
5924557261
5924753679
5924857511
5924876966
5924911752
5925325709
5926592325
5926935489
5927572805
5927767924
5927981238
5928134383
5928294460
5928386766
5929669111
5929743682
5930532408
5931323342
5933064055
5933440077
5934698167
5935153300
5935513764
5936724018
5936738195
5937034231
5937461234
5937560069
5938489936
5938628478
5939083627
5939697805
5940373502
5941646381
5941649820
5941979978
5942610537
5942791615
5943740248
5944473879
5945206143
5945296575
5945862738
5946188661
5948906546
5949051902
5950290299
5950760854
5950858448
5951427254
5952175826
5953468623
5953607235
5953956659
5954164014
5954545255
5955361313
5955684262
5956086287
5956446845
5957117461
5960315757
5960465653
5960780825
5961308041
5961454452
5961673372
5961726201
5961827472
5963798834
5963962390
5965189062
5965646901
5966035453
5966131376
5966149612
5966151960
5966339268
5966559746
5967455715
5967466213
5967834606
5968012069
5968502321
5970222553
5970422940
5970452340
5970882916
5970954854
5971608326
5971918579
5972182220
5972199973
5972443820
5972499653
5972895605
5972930711
5974278196
5974616605
5975832198
5976116725
5976846073
5977362812
5978293244
5978475384
5979411600
5979483700
5979520385
5979708564
5979860592
5980132781
5980360264
5980709600
5980735521
5980953957
5981074007
5981314359
5981683525
5982126273
5982161231
5982959537
5983964417
5984964921
5985297687
5985633053
5986841988
5987397033
5988174451
5988271648
5988819194
5989920766
5989957473
5990125929
5990247876
5991285005
5991670507
5992854016
5996664537
5997225825
5997777565
5997783728
5998826054
5998885690
6001026970
6002531089
6003600441
6004269227
6005330562
6006079836
6006346586
6007292681
6008222349
6009504784
6010016783
6010116478
6013055679
6014153531
6014511055
6014995688
6015385885
6015547185
6016629530
6016801473
6018279332
6018477354
6019229352
6019726333
6019978469
6020122632
6020536385
6020875051
6020957368
6021181942
6023096481
6023439697
6024671204
6025133770
6025952459
6026259391
6028097201
6032822696
6035571428
6035685583
6036790721
6036838766
6038256213
6038790373
6039211172
6040726614
6040799834
6043039545
6043495550
6044942889
6045336713
6047308422
6050201254
6051656584
6052288039
6052674108
6054454240
6055391252
6057592166
6057914374
6058089200
6058270469
6058706375
6059069658
6060104594
6060908555
6061871511
6062848900
6063104040
6065483730
6067107583
6068232242
6068411908
6069694160
6070387082
6073760960
6073921073
6074669654
6075534972
6076658474
6077522271
6077723214
6080823121
6081004955
6081764844
6083195686
6085560907
6086086656
6088267957
6089683930
6091075081
6092671585
6094304075
6095901792
6098094636
6098595416
6099332191
6099648815
6103118075
6107663375
6107679588
6108463004
6108513827
6109584710
6110293759
6111295162
6111525461
6112902116
6112922914
6113762795
6114015370
6114597600
6117130223
6118571779
6120756409
6122006624
6123601823
6125985978
6126563740
6129673521
6130423906
6131580856
6134033962
6134302709
6134955843
6134997753
6139820094
6140740147
6141990670
6142704976
6143955810
6143979500
6144087280
6144935263
6145904048
6147190933
6147404672
6147632141
6148147285
6150386887
6150792737
6152639941
6154709766
6155148005
6158123397
6158614946
6159652143
6160829949
6161036443
6163261764
6163636706
6165871045
6166649755
6166920716
6166952178
6166977502
6167012103
6167326571
6167713514
6169020742
6171619324
6171624382
6171754577
6172956518
6173549112
6174963329
6177095680
6177402045
6179473082
6181040703
6182842978
6183361453
6183793381
6186181455
6186721413
6187128151
6187796360
6188583226
6189491713
6189699687
6191060725
6191363018
6192000076
6192013063
6192098663
6195254092
6200003704
6200427338
6200671309
6201558704
6202418839
6203310240
6204905584
6205072010
6205938805
6206588346
6207701793
6209361052
6211039747
6211095106
6211142570
6211664187
6211679350
6213433674
6214263262
6214331266
6215632236
6216701200
6218410197
6218422146
6220496472
6223641348
6223882124
6225846520
6228350987
6228488248
6228989280
6228992869
6229756777
6231242228
6234146396
6234915473
6234998298
6237030365
6238431063
6238612920
6238899870
6239736359
6240917341
6241691233
6243285548
6243439817
6244635430
6245305147
6245312716
6246935365
6247752046
6249520388
6249584364
6249848831
6249921308
6250145035
6252773880
6254937990
6255089545
6256596542
6256680802
6257331910
6258681023
6261363503
6261535648
6261607814
6266600159
6267007846
6267713419
6268343933
6268974737
6269166045
6269687976
6272193285
6272306794
6272646328
6272791688
6273193633
6273319659
6273991684
6275124472
6276005607
6277336840
6277910166
6278436260
6279405107
6279589362
6279999001
6282825293
6283581679
6283974486
6285926183
6286695883
6287911441
6288945360
6290977462
6291276397
6292668784
6292728634
6293425785
6295404538
6296869697
6297525114
6298979080
6299211649
6299849586
6300810823
6302010227
6306231872
6307897675
6313574033
6315338786
6315411929
6317114992
6317572080
6317745288
6318116918
6319474209
6319638797
6320947399
6321966090
6322641777
6322964521
6323302196
6324229657
6325473593
6326512671
6327377760
6327389028
6329856689
6331248782
6331633548
6334963362
6336039413
6340444310
6342933646
6344215405
6348051128
6348381507
6348898637
6355387098
6356021761
6356594681
6359270714
6359471646
6362651187
6364878114
6367108820
6368816519
6370125629
6370420672
6370871026
6371030745
6372449798
6373103068
6375364558
6376964607
6380498879
6383861249
6387664904
6389694999
6393720085
6397074249
6397235163
6397703476
6398061274
6398293093
6399714308
6400338589
6400628618
6401180304
6403874888
6406418848
6407750007
6410088730
6411205580
6415051614
6415831262
6415945049
6421404108
6421620156
6423392612
6424128655
6424264571
6424681018
6429879485
6429909058
6430550072
6430773143
6433314658
6434619355
6435411160
6438689617
6441463972
6447287703
6448630498
6449184422
6449769752
6449787740
6450636382
6453965219
6456486112
6457967952
6458678642
6460681077
6463108203
6463399657
6464359453
6464543981
6467024994
6467423278
6467624845
6467879543
6468609996
6469276811
6471970963
6472251660
6472959413
6475436456
6476884154
6478103750
6478541253
6478901473
6479460049
6479814898
6483008913
6483898062
6485781609
6487686857
6488765107
6489230667
6490861137
6493087306
6498600731
6502975556
6504809914
6505334216
6506882800
6509375663
6509391600
6511044970
6511907302
6512585923
6516095571
6516352091
6519652162
6522976408
6524056616
6524373316
6527539018
6528041952
6529525760
6530722897
6534142435
6534989656
6538133402
6539561045
6542063252
6543026661
6543906611
6544635871
6544850346
6549763059
6550422921
6551493953
6552851770
6553781300
6555768448
6555808156
6556032166
6557380546
6557708109
6560739760
6563088723
6563468971
6566217067
6568227124
6569274492
6570921538
6571312771
6571741032
6573776639
6573932186
6574446398
6574891634
6575347646
6575444002
6576271928
6580053816
6581895884
6582548118
6585491510
6586838729
6587949509
6588474210
6590457546
6590549845
6591517642
6592628371
6596650353
6597159065
6599740943
6599852692
6600640243
6602713104
6606071234
6606920217
6607547249
6607657577
6608418041
6610092524
6610336452
6610531071
6611749585
6615573027
6618586132
6621764973
6627314874
6627512426
6630576943
6631005557
6631883133
6633754262
6635425721
6637322206
6638192944
6643208230
6644189889
6645517822
6651063625
6651402616
6651484033
6655156645
6657199422
6658914014
6663013774
6665918123
6666221375
6669230711
6672480905
6674091532
6674698473
6674945222
6675306901
6676104830
6679410855
6680738594
6680800308
6681285969
6682695016
6685079052
6685307163
6687721771
6690247458
6691791313
6693035419
6696886528
6702670312
6702917237
6705864321
6708660211
6708870711
6708883461
6709703057
6711927414
6715181057
6715377829
6717088596
6723286118
6728757824
6732643906
6733710262
6737160103
6738996521
6741674916
6744189384
6744981884
6752136058
6754759826
6756986791
6758624723
6759910903
6760015401
6760312586
6762015347
6763207049
6767299838
6768876878
6771164937
6772627273
6772715838
6773358159
6776166634
6776170297
6778604526
6780663852
6781448703
6785263786
6788539804
6789989150
6790328325
6790391024
6790544219
6792636573
6796008079
6796105469
6796388016
6798907334
6800428679
6800610772
6802130599
6805651859
6807300048
6809676993
6809819135
6810671934
6811448783
6811641494
6815305146
6817161799
6819597435
6820766985
6821278295
6822135285
6823287988
6825699246
6829453102
6831355745
6831470164
6832093700
6835700044
6837139430
6840436045
6840736930
6841033313
6843828720
6846280916
6848695174
6851237439
6852791029
6853014434
6853866759
6855846032
6865024737
6867944650
6869645702
6869853452
6869921467
6872274914
6874966320
6875276640
6877395007
6881077236
6884210258
6884842992
6887959241
6888494949
6892730456
6900122293
6900525243
6900823518
6902457184
6904343333
6904518263
6907237007
6916577663
6918635573
6918638471
6921373499
6921634392
6923416626
6928873797
6929197977
6935219213
6941800694
6942006789
6943354476
6945808767
6946564215
6947208211
6947411808
6947804789
6948120899
6949572016
6949998927
6950335750
6953514625
6954903257
6955099951
6955478859
6956378812
6956583382
6956995162
6958058800
6959763673
6963818161
6964650201
6968285309
6968617361
6971615826
6980340068
6981566725
6983010320
6986250157
6988875893
6990398121
6990846437
6994986032
6997721068
6999605774
7002610661
7003692799
7005243043
7015618762
7019742404
7022529207
7023385674
7025137425
7032502178
7036268170
7036781432
7040378382
7052867881
7054825099
7055315642
7056299086
7067763116
7075714351
7085984004
7087776950
7090905737
7091400011
7094432049
7096420980
7097655356
7102502073
7103306406
7106452073
7108199277
7109002417
7109352400
7111304788
7116251796
7121299042
7121745424
7126357675
7133140417
7133392710
7134304142
7134345937
7135635290
7137783661
7140601304
7145654205
7151382274
7156083012
7156230743
7157541794
7159229675
7161019449
7164941747
7167833365
7172506316
7184234261
7186515513
7186669687
7189843734
7192165741
7193292481
7194374148
7194861722
7198487403
7203711805
7205734367
7207718223
7218413247
7221881104
7223860068
7227801682
7229129012
7229981701
7231366282
7232048215
7234530679
7239392664
7244207958
7244847804
7248224605
7249007209
7249055229
7249226053
7249844371
7253290574
7254304699
7254413464
7256898261
7270060573
7271764029
7276316964
7276801216
7281939598
7286066739
7298318607
7305057025
7307817628
7316324920
7316466876
7318925348
7320845408
7324612104
7334396514
7335247564
7336431650
7341365893
7342767816
7347171434
7354582147
7355840598
7356695910
7361586439
7368946872
7372377973
7375007445
7377861706
7380542130
7395156318
7395387454
7395412747
7397725740
7399492344
7404819700
7408565931
7425152389
7430140404
7430183800
7433620421
7433626544
7437301653
7440026836
7443075435
7446107087
7447055645
7449437323
7451376228
7455751684
7455876404
7457129213
7463496317
7464856475
7468102419
7470794684
7472294692
7474881958
7478287911
7482529221
7499081127
7503653940
7513607457
7517548559
7519153987
7521053844
7521750636
7523695427
7535405439
7537379777
7540091833
7543199322
7545762473
7547573584
7548872996
7550848898
7552045600
7552634627
7564883868
7568521346
7572810451
7573323139
7575250517
7575954608
7577084250
7579837896
7581841031
7581874104
7582688274
7586262721
7586296975
7588395407
7601618158
7604320805
7609881024
7616337916
7622219647
7627173895
7627945543
7632358485
7633800290
7635665208
7639224790
7639746230
7650447153
7656864546
7658522760
7664118462
7664319548
7667694918
7668003877
7685243168
7688215390
7688614168
7691147338
7692540564
7692867486
7692982345
7701278853
7702104182
7703062956
7712767412
7715901172
7716885145
7719554600
7723210722
7725585987
7732312079
7733420298
7734634117
7734737580
7736179017
7743270910
7748697684
7756393513
7756625786
7759222912
7761751376
7764475002
7764702692
7766152051
7768027591
7771065574
7777137488
7777785499
7777903576
7779903215
7783988113
7786759817
7790736412
7790939111
7792507426
7792963585
7798307854
7798627940
7799843529
7801053870
7802676561
7805527788
7808004133
7809197396
7812490653
7815112395
7817468481
7832464638
7833733213
7834644967
7836159285
7840757296
7844167619
7851694988
7852776888
7853333670
7857039602
7864427388
7872476091
7873375069
7891675510
7892684208
7897467873
7898254688
7903476694
7903886177
7908935180
7912069863
7912212361
7919140510
7920092895
7929173728
7930215193
7934568386
7937064064
7945005017
7947917632
7948541435
7955916568
7962860390
7964264459
7964915167
7965391919
7966696280
7971419498
7981682794
7992805179
7995825484
7998066207
8003427966
8004120382
8008533030
8009416848
8010449064
8011248751
8011500916
8035543933
8045809146
8056786109
8057166838
8059445183
8063549978
8069376483
8083719957
8096733200
8106269325
8122325947
8135480545
8135644872
8135817750
8147103421
8151301659
8157783549
8159322635
8167922760
8170140276
8171550073
8172095849
8174621473
8175813988
8177957276
8178694790
8182320669
8188655447
8189876367
8193025893
